Timestamp,Open,High,Low,Close,Rsi,Cci,Volume
3/27/2009 0:00,29.86,31.46,29.61,30.82,,,829442700
4/3/2009 0:00,30.29,32.4,29.62,32.35,,,797665500
4/9/2009 0:00,31.97,33.01,31.21,32.94,,,565751400
4/17/2009 0:00,32.8,33.5,31.85,33.31,,,669036100
4/24/2009 0:00,32.7,33.93,32.06,33.69,,,756148500
5/1/2009 0:00,33.42,34.9,33.35,34.37,,,615156500
5/8/2009 0:00,34.67,35.34,33.88,34.23,,,811430200
5/15/2009 0:00,33.78,34.72,32.96,33.37,,,727330700
5/22/2009 0:00,33.59,35.04,33.31,33.54,,,597952600
5/29/2009 0:00,33.19,35.5,33.18,35.38,,,496553500
6/5/2009 0:00,35.73,37.08,35.61,36.78,,,550362500
6/12/2009 0:00,36.53,37.23,36.12,36.65,,,588843100
6/19/2009 0:00,36.28,36.36,35.45,36.16,,,624180900
6/26/2009 0:00,35.8,36.5,34.77,36.37,,84.88962,556067000
7/2/2009 0:00,36.44,36.84,35.5,35.6,,78.88676,390739000
7/10/2009 0:00,35.38,35.54,34.3,34.92,70.01953,14.49391,615028500
7/17/2009 0:00,34.95,37.57,34.48,37.56,76.53458,94.6814,628320500
7/24/2009 0:00,37.75,39.49,37.62,39.36,79.76356,186.0437,610870600
7/31/2009 0:00,39.29,40.18,38.87,39.45,79.9124,187.137,508694800
8/7/2009 0:00,39.85,40.18,39.25,39.88,80.64487,159.259,554435300
8/14/2009 0:00,39.73,40.22,39.05,39.63,78.84479,124.3642,560724800
8/21/2009 0:00,38.97,40.36,38.46,40.29,80.1072,101.6222,500021700
8/28/2009 0:00,40.36,41.08,39.67,40.44,80.39355,105.3666,535208100
9/4/2009 0:00,40.16,40.59,39.02,40.36,79.73433,77.78072,503607300
9/11/2009 0:00,40.65,41.62,40.46,41.52,82.03477,104.7232,363357200
9/18/2009 0:00,41.23,42.66,41.21,42.44,83.62262,119.2451,468460600
9/25/2009 0:00,42.22,43.17,41.58,41.7,77.67574,110.9792,510801000
10/2/2009 0:00,41.92,42.66,40.72,40.88,71.59937,80.51118,649486400
10/9/2009 0:00,41.09,42.62,40.83,42.48,75.6088,96.80587,485986300
10/16/2009 0:00,42.63,43.29,42.28,42.78,76.28483,121.2372,412576200
10/23/2009 0:00,42.81,43.82,42.59,43.13,77.08287,125.0833,486462000
10/30/2009 0:00,43.17,43.76,40.92,40.96,62.94094,45.8558,619738800
11/6/2009 0:00,41.01,42.65,40.64,42.6,67.75568,43.92545,576882000
11/13/2009 0:00,42.92,44.16,42.88,44.01,71.21793,138.2723,439308000
11/20/2009 0:00,44.19,44.65,43.28,43.44,68.03745,134.4499,455175900
11/27/2009 0:00,43.87,44.4,42.9,43.51,68.22511,107.8419,250932400
12/4/2009 0:00,43.41,44.73,43.11,44.12,69.88455,111.9806,445641700
12/11/2009 0:00,44.08,44.59,43.32,44.13,69.9123,99.64009,376057000
12/18/2009 0:00,44.43,44.7,43.76,44.46,70.86604,105.5524,357454400
12/24/2009 0:00,44.67,45.98,44.67,45.98,74.82456,163.2744,239559200
12/31/2009 0:00,46.08,46.3,45.75,45.75,73.20374,157.7743,189036900
1/8/2010 0:00,46.32,46.55,45.92,46.55,75.21482,160.6857,387667000
1/15/2010 0:00,46.6,46.64,45.53,45.85,70.24688,116.2017,497990900
1/22/2010 0:00,45.96,46.64,44.04,44.16,59.95144,43.53571,605598200
1/29/2010 0:00,44.39,44.89,42.63,42.79,53.15084,-49.61489,889945300
2/5/2010 0:00,42.91,43.97,42.12,42.98,53.93134,-85.25471,705943400
2/12/2010 0:00,42.92,43.88,42.64,43.76,57.09169,-70.90563,494204600
2/19/2010 0:00,44.08,45.05,43.85,44.83,61.04011,5.96056,312309700
2/26/2010 0:00,45.01,45.03,43.83,44.76,60.64691,-0.6789883,418459600
3/5/2010 0:00,44.95,46.54,44.95,46.44,66.26347,91.23071,341842800
3/12/2010 0:00,46.46,47.53,46.4,47.36,68.8826,138.5983,390713500
3/19/2010 0:00,47.26,47.95,46.91,47.49,69.24593,131.3309,374728200
3/26/2010 0:00,47.31,48.6,47.25,48,70.6917,133.8864,348345500
4/1/2010 0:00,48.23,48.7,47.79,48.16,71.14992,121.9281,250971400
4/9/2010 0:00,48.26,49.05,48.14,49.03,73.56968,122.2895,309904000
4/16/2010 0:00,49.05,50.19,48.86,49.53,74.874,128.3173,372112600
4/23/2010 0:00,49.36,50.57,48.9,50.52,77.26624,117.1543,429948500
4/30/2010 0:00,50.53,50.65,48.98,49.24,68.22215,90.67712,504978500
5/7/2010 0:00,49.43,50.17,41.55,45.41,49.53756,-38.36396,906149900
5/14/2010 0:00,47.42,48.79,46.38,46.93,54.82544,8.428,584742800
5/21/2010 0:00,47.04,47.58,43.49,44.84,47.46103,-87.98342,812762000
5/28/2010 0:00,44.81,45.99,43.23,45.6,50.08661,-107.3294,648289100
6/4/2010 0:00,45.46,46.77,44.94,45.09,48.34079,-85.75673,413132400
6/11/2010 0:00,45.33,45.54,43.59,45.5,49.85405,-109.8172,475262600
6/18/2010 0:00,45.92,47.34,45.41,47,55.04271,-30.40948,375675500
6/25/2010 0:00,47.6,47.68,44.95,45.27,48.77439,-50.10891,485714500
7/2/2010 0:00,45.27,45.55,41.77,42.47,40.6964,-133.9402,546130500
7/9/2010 0:00,43.09,44.63,42.25,44.62,47.83995,-98.89101,286998800
7/16/2010 0:00,44.61,45.81,44.3,44.34,47.04517,-56.04189,436540300
7/23/2010 0:00,44.47,46.1,43.86,46.06,52.28886,-28.73085,418000700
7/30/2010 0:00,46.13,46.72,45.07,45.81,51.49076,14.04884,369019100
8/6/2010 0:00,46.39,46.99,46.05,46.76,54.34261,96.19136,283760000
8/13/2010 0:00,47.01,47.19,44.45,44.72,47.83872,3.233951,317983100
8/20/2010 0:00,44.48,45.82,44.3,44.92,48.4896,-23.00487,323714200
8/27/2010 0:00,45.21,45.34,42.97,44.07,45.86983,-91.7562,436637900
9/3/2010 0:00,43.86,46.02,43.18,46.01,52.21541,-9.157811,310560000
9/10/2010 0:00,45.82,46.7,45.62,46.6,53.98223,91.01458,246483700
9/17/2010 0:00,46.97,48.14,46.94,48,57.9549,162.8566,366084100
9/24/2010 0:00,48.18,49.69,48.11,49.66,62.12955,208.3478,419487200
10/1/2010 0:00,49.63,49.84,48.59,49.01,59.63277,158.3753,430515700
10/8/2010 0:00,48.87,49.87,48.2,49.75,61.52829,132.614,410937800
10/15/2010 0:00,49.78,51.5,49.26,51.49,65.61664,152.3629,379462700
10/22/2010 0:00,51.5,51.72,50.42,51.64,65.95254,135.0379,392191400
10/29/2010 0:00,51.86,52.49,51.42,52.18,67.19505,131.0147,276910300
11/5/2010 0:00,52.37,53.86,51.98,53.67,70.40438,133.8999,396735600
11/12/2010 0:00,53.58,54.04,52.11,52.51,65.06739,107.3986,374125000
11/19/2010 0:00,52.76,52.88,50.85,52.47,64.88475,78.13577,361222500
11/26/2010 0:00,52.26,53.25,51.77,52.77,65.66327,80.06938,223728600
12/3/2010 0:00,52.69,53.94,51.88,53.87,68.42728,88.17987,384603700
12/10/2010 0:00,53.88,54.55,53.68,54.5,69.9207,111.8156,242438300
12/17/2010 0:00,54.7,54.74,54.03,54.52,69.96926,110.2412,302203100
12/23/2010 0:00,54.62,54.96,54.16,54.74,70.53284,111.0407,141288100
12/31/2010 0:00,54.61,54.92,54.21,54.46,68.76405,95.90064,143524300
1/7/2011 0:00,54.97,56.05,54.92,55.87,72.50348,133.1225,296896200
1/14/2011 0:00,55.75,57.02,55.58,57,75.07844,154.0216,255377000
1/21/2011 0:00,56.57,57.26,55.65,55.68,67.16582,117.4592,285437500
1/28/2011 0:00,55.78,57.35,55.47,55.73,67.30637,104.365,356872500
2/4/2011 0:00,55.81,57.42,55.39,57.38,71.62337,116.9259,288973500
2/11/2011 0:00,57.49,58.48,57.4,58.44,73.99869,148.2746,264098700
2/18/2011 0:00,58.44,59.04,58.23,58.73,74.62451,142.1771,223926000
2/25/2011 0:00,57.93,58.13,56.13,57.65,68.0551,75.81336,343042500
3/4/2011 0:00,57.88,58.36,56.7,57.97,68.92793,83.36464,331391500
3/11/2011 0:00,58.21,58.26,55.82,56.49,60.67126,34.47503,430114500
3/18/2011 0:00,56.18,56.59,53.77,54.45,51.5118,-83.61889,540119500
3/25/2011 0:00,55.28,57.22,54.5,56.84,59.26988,-17.27903,297310300
4/1/2011 0:00,57.09,57.9,56.23,57.46,61.01258,43.35937,248683200
4/8/2011 0:00,57.63,57.73,56.65,56.95,58.7845,26.84818,256982600
4/15/2011 0:00,57.17,57.29,56.15,56.65,57.45534,-18.41606,264877300
4/21/2011 0:00,56.08,58.47,55.32,58.34,62.58731,41.79634,218555900
4/29/2011 0:00,58.4,59.29,58.28,59.08,64.60087,155.1328,224012800
5/6/2011 0:00,59.17,59.34,58.08,58.47,61.65512,112.4539,283947300
5/13/2011 0:00,58.57,59.31,58.24,58.41,61.35874,94.88629,269537200
5/20/2011 0:00,58.14,58.34,56.98,57.76,58.10039,22.49926,258281400
5/27/2011 0:00,56.98,57.49,56.47,57.43,56.46112,-16.54281,194951000
6/3/2011 0:00,57.97,58.36,56.27,56.35,51.35433,-26.4161,206930000
6/10/2011 0:00,56.22,56.53,54.59,54.64,44.49249,-150.6215,241809400
6/17/2011 0:00,54.67,55.47,53.62,53.79,41.5225,-168.8904,273835900
6/24/2011 0:00,53.64,55.37,53.64,54.38,44.30175,-149.5946,267012400
7/1/2011 0:00,54.43,57.98,54.32,57.91,57.3595,-12.87802,265922100
7/8/2011 0:00,57.97,59.36,57.83,59.03,60.52186,100.7508,216620700
7/15/2011 0:00,58.41,58.71,56.87,57.85,55.82441,40.87847,387406500
7/22/2011 0:00,57.53,59.7,56.98,59.6,60.69657,82.31552,303906600
7/29/2011 0:00,59.13,59.83,57.44,58,54.75095,57.00013,317385000
8/5/2011 0:00,58.7,58.82,52.32,53.83,42.94404,-100.5855,626404900
8/12/2011 0:00,52.18,53.9,49.93,53.57,42.33108,-167.2294,838361200
8/19/2011 0:00,53.79,54.42,49.99,50.03,35.00505,-158.3317,473691900
8/26/2011 0:00,51.21,53.42,50.06,53.13,44.1246,-110.7136,416253500
9/2/2011 0:00,53.66,55.74,52.99,53.28,44.53016,-46.87476,283718700
9/9/2011 0:00,52.04,55.17,51.91,53.18,44.29931,-58.17157,226740100
9/16/2011 0:00,52.59,56.65,52.57,56.59,53.2076,1.663405,390923200
9/23/2011 0:00,55.9,57.35,52.75,54.15,47.36973,-16.43302,457138700
9/30/2011 0:00,54.42,56.2,52.46,52.49,43.84517,-47.49734,475723300
10/7/2011 0:00,52.04,54.66,50.1,54.07,47.82445,-64.14027,488887600
10/14/2011 0:00,54.99,58.19,54.89,58.18,56.46641,78.81589,329105600
10/21/2011 0:00,57.91,58.29,55.79,57.3,54.38919,84.33028,364846100
10/28/2011 0:00,57.52,59.2,56.21,58.94,57.52515,124.3939,372173500
11/4/2011 0:00,58.43,58.64,56.12,57.8,54.7093,108.789,365796700
11/11/2011 0:00,57.75,58.98,56.23,57.85,54.81377,96.51456,318271900
11/18/2011 0:00,57.71,58.36,55.3,55.4,48.86561,43.21277,326882800
11/25/2011 0:00,54.65,54.73,52.87,52.88,43.62213,-67.08181,177992800
12/2/2011 0:00,54.17,57.34,54.14,56.62,51.87561,20.74245,247831200
12/9/2011 0:00,57.47,57.62,56.01,57.02,52.67361,48.99039,231097400
12/16/2011 0:00,56.42,56.98,54.58,54.86,48.04096,-20.04244,305691900
12/23/2011 0:00,55.06,56.08,54.17,56.08,50.67945,-22.31164,273819400
12/30/2011 0:00,56.01,56.42,55.44,55.83,50.11782,-4.55079,109470300
1/6/2012 0:00,56.91,57.94,56.56,57.81,54.42557,67.44754,156335000
1/13/2012 0:00,57.95,58.47,57.43,58.18,55.20408,94.50793,174065000
1/20/2012 0:00,58.71,59.97,58.49,59.77,58.48593,153.9214,178898400
1/27/2012 0:00,59.8,60.8,59.41,60.4,59.74438,158.9163,223885300
2/3/2012 0:00,59.88,62.12,59.66,62.05,62.91514,172.0595,222949300
2/10/2012 0:00,61.82,62.98,61.66,62.47,63.69895,165.2914,212319300
2/17/2012 0:00,62.93,63.86,62.63,63.43,65.49414,148.5246,349645800
2/24/2012 0:00,63.51,64.07,63.09,63.96,66.47971,126.0265,176676700
3/2/2012 0:00,63.6,65.08,63.33,64.87,68.16123,121.6335,246767300
3/9/2012 0:00,64.83,65.14,63.23,65.02,68.44224,103.8662,228795700
3/16/2012 0:00,65,66.82,64.72,66.52,71.1815,117.2466,271862600
3/23/2012 0:00,66.62,67.49,66.45,66.94,71.91657,120.1306,249982100
3/30/2012 0:00,67.37,68.51,67.2,67.55,72.99397,121.8372,215785500
4/5/2012 0:00,67.46,68.55,66.91,67.72,73.30138,109.8934,184060300
4/13/2012 0:00,66.88,67.48,65.92,66.19,66.01779,73.52444,281410400
4/20/2012 0:00,66.53,67.17,65.24,65.68,63.74406,52.05617,288171400
4/27/2012 0:00,65.08,67.45,64.45,67.24,67.43827,53.45213,265324600
5/4/2012 0:00,67.02,67.63,64.69,64.7,57.21586,19.59332,272076000
5/11/2012 0:00,64.31,65.07,63.48,64.18,55.36558,-54.60491,305044800
5/18/2012 0:00,63.63,64.27,60.76,60.81,45.1705,-157.8026,307634500
5/25/2012 0:00,60.93,62.95,60.85,62.07,48.95517,-142.0669,296278000
6/1/2012 0:00,62.63,63.15,60.39,60.41,44.58842,-144.1044,227144200
6/8/2012 0:00,60.57,63.18,60.04,62.87,51.49353,-99.33245,258591800
6/15/2012 0:00,63.35,63.38,61.68,62.99,51.80901,-67.56308,255159400
6/22/2012 0:00,62.73,64.57,62.62,63.35,52.80077,-35.32006,191981600
6/29/2012 0:00,62.84,64.16,61.54,64.16,55.04265,-36.05392,193864600
7/6/2012 0:00,64.23,65.25,63.65,64.12,54.90396,8.55287,126970700
7/13/2012 0:00,64.03,64.51,61.86,63.38,52.27957,-24.60304,216152300
7/20/2012 0:00,63.24,65.31,62.63,64.24,54.97324,22.71922,208048100
7/27/2012 0:00,62.99,64.99,62.15,64.87,56.89288,31.18092,236678500
8/3/2012 0:00,65.01,65.88,63.91,65.6,59.07034,112.174,185379800
8/10/2012 0:00,65.94,66.92,65.8,66.86,62.58351,187.1706,113329000
8/17/2012 0:00,66.84,68.33,66.5,68.32,66.20343,195.5196,131388200
8/24/2012 0:00,68.27,68.88,67.6,68.29,66.06201,170.7322,179620200
8/31/2012 0:00,68.6,68.67,67.47,68.16,65.40993,128.1234,142149600
9/7/2012 0:00,68.03,69.55,67.42,69.43,68.66414,124.3785,134093700
9/14/2012 0:00,69.26,70.43,68.21,70.18,70.43319,122.4467,181595500
9/21/2012 0:00,70.2,70.58,69.87,70.15,70.26233,118.0774,160386600
9/28/2012 0:00,69.56,70.08,67.85,68.57,61.76378,68.04681,159540100
10/5/2012 0:00,68.9,69.8,68.13,68.98,63.01397,63.43371,158184000
10/12/2012 0:00,68.58,68.72,66.55,66.68,52.62011,4.258474,192142200
10/19/2012 0:00,66.93,68.3,65.6,65.68,48.84752,-38.30638,215633700
10/26/2012 0:00,65.62,66.19,64.65,65.35,47.63384,-96.87305,234891100
11/2/2012 0:00,65.31,66.21,64.73,65.17,46.94863,-110.9664,108576500
11/9/2012 0:00,65.2,66.17,63.16,63.43,40.83373,-154.6649,238402800
11/16/2012 0:00,63.79,63.87,61.31,62.3,37.42464,-180.9287,275342200
11/23/2012 0:00,62.97,64.92,62.96,64.9,48.15074,-93.14895,143291200
11/30/2012 0:00,64.77,66.14,64.25,65.8,51.26486,-47.32791,163903100
12/7/2012 0:00,66.32,66.37,64.53,64.93,48.24813,-44.83157,209088600
12/14/2012 0:00,64.75,66.34,64.47,64.69,47.41916,-41.9955,202233200
12/21/2012 0:00,64.73,66.76,64.6,65.2,49.40838,-22.32543,221397700
12/28/2012 0:00,65.06,65.18,63.6,63.78,44.37458,-74.67919,117031400
1/4/2013 0:00,63.68,67.34,63.58,66.63,54.41323,27.9887,204038800
1/11/2013 0:00,66.46,67.29,66.17,67.26,56.29106,125.6116,139742000
1/18/2013 0:00,66.9,67.48,66.33,67.07,55.54789,134.6085,165608900
1/25/2013 0:00,67.15,67.79,66.56,67,55.25845,138.2528,143799200
2/1/2013 0:00,67.01,67.78,66.63,67.66,57.50674,126.3751,189259600
2/8/2013 0:00,67.25,68.13,66.46,67.99,58.62621,110.5484,207443000
2/15/2013 0:00,68.03,68.23,67.56,67.75,57.44099,108.0902,112648400
2/22/2013 0:00,67.89,68.26,66.23,67.14,54.42905,62.70721,128346700
3/1/2013 0:00,67.57,67.81,65.96,67.38,55.4195,45.04129,179345800
3/8/2013 0:00,67.19,69.02,67.07,68.77,60.74143,113.925,131749700
3/15/2013 0:00,68.68,69.01,68.34,68.51,59.31509,126.8055,147204400
3/22/2013 0:00,67.88,68.86,67.62,68.59,59.6292,103.4092,155882300
3/28/2013 0:00,68.81,69.06,68.01,68.97,61.16315,114.4921,90583200
4/5/2013 0:00,69.01,69.27,67.19,67.86,54.63308,56.16541,176692400
4/12/2013 0:00,67.88,70.17,67.69,69.94,62.6749,150.8181,167008700
4/19/2013 0:00,69.68,69.79,66.88,68.09,53.57796,38.49479,234436200
4/26/2013 0:00,68.33,70.05,68.08,69.57,58.73771,127.2892,180345700
5/3/2013 0:00,69.78,72.34,69.76,72.12,65.79257,264.7791,155181700
5/10/2013 0:00,72.25,73.1,72.09,73.05,67.94513,244.1267,119011400
5/17/2013 0:00,72.93,74.33,72.86,74.3,70.62111,206.4647,151007100
5/24/2013 0:00,74.16,74.95,72.76,73.41,66.37255,144.4128,185350900
5/31/2013 0:00,74.27,74.54,73.12,73.25,65.60838,111.221,129206300
6/7/2013 0:00,73.26,73.82,71.47,73.39,65.97749,73.37997,225718100
6/14/2013 0:00,73.53,73.76,71.55,72.28,60.43894,53.25975,163500800
6/21/2013 0:00,72.85,73.72,69.84,70.43,52.5249,10.98229,212653100
6/28/2013 0:00,69.85,71.69,69.15,71.27,55.38173,-16.92947,145775700
7/5/2013 0:00,71.75,72.61,71.35,72.58,59.47716,30.70661,95555100
7/12/2013 0:00,72.96,75.35,72.38,75.3,66.37785,105.5305,151085900
7/19/2013 0:00,75.38,75.74,74.37,74.59,63.34545,117.4304,149524800
7/26/2013 0:00,74.91,75.38,74.2,75.37,65.22499,115.0153,113485800
8/2/2013 0:00,75.22,76.99,75.03,76.97,68.76328,160.1637,105458800
8/9/2013 0:00,76.9,77.08,75.87,76.49,66.57478,143.8308,97781500
8/16/2013 0:00,76.2,77.27,75.29,75.49,62.13782,101.5474,136384600
8/23/2013 0:00,75.49,76.77,75.14,76.67,65.09408,91.25735,116570600
8/30/2013 0:00,76.73,77.28,74.96,75.47,59.96633,68.62975,140424000
9/6/2013 0:00,76.09,77.34,75.54,76.93,63.71181,83.95953,99721500
9/13/2013 0:00,77.26,78.32,77.23,78.06,66.33691,115.764,114944300
9/20/2013 0:00,78.72,79.68,77.67,78.99,68.36523,132.223,134083000
9/27/2013 0:00,79.32,79.41,78.4,79.07,68.54082,130.4334,120832700
10/4/2013 0:00,78.27,79.76,78,79.4,69.2979,130.0496,151287900
10/11/2013 0:00,78.7,79.35,76.35,79.23,68.38492,78.80262,200796700
10/18/2013 0:00,78.75,82.18,78.68,82.15,74.57991,166.7737,187727500
10/25/2013 0:00,82.34,83.28,81.55,82.9,75.88687,185.8034,171670000
11/1/2013 0:00,82.91,83.49,82.4,82.81,75.38596,161.4019,160630900
11/8/2013 0:00,83.06,83.4,81.37,82.54,73.81197,119.9618,152933400
11/15/2013 0:00,82.42,83.96,82,83.96,76.58138,118.7517,126088100
11/22/2013 0:00,83.94,84.11,82.46,83.99,76.63759,102.5951,142376500
11/29/2013 0:00,84.29,85.84,83.98,85.73,79.68353,124.4311,84996100
12/6/2013 0:00,85.82,86.18,84.78,86,80.11673,119.9925,176667500
12/13/2013 0:00,86.35,86.53,84.71,84.85,72.97901,100.1283,152886700
12/20/2013 0:00,85.27,86.68,84.05,86.5,76.24862,101.7186,202978100
12/27/2013 0:00,87.21,87.9,86.95,87.52,78.01928,135.3843,73076400
1/3/2014 0:00,87.39,87.96,86.62,86.64,72.96534,108.2593,108771900
1/10/2014 0:00,86.66,87.64,86,87.3,74.3095,91.18674,146774100
1/17/2014 0:00,87.17,88.54,85.68,87.88,75.464,95.35501,194410400
1/24/2014 0:00,88.44,89,86.71,86.74,68.90912,92.91325,154912800
1/31/2014 0:00,86.74,86.89,84.76,86.27,66.35026,23.8365,270887400
2/7/2014 0:00,86.11,87.36,83.74,87.3,69.06165,23.77749,215898800
2/14/2014 0:00,87.27,90.01,87.21,89.81,74.46194,158.1724,175902600
2/21/2014 0:00,89.96,90.46,89.31,89.93,74.68941,172.3539,144285000
2/28/2014 0:00,90.11,90.96,89.54,90.34,75.49258,167.6699,179248900
3/7/2014 0:00,89.49,91.36,88.87,90.53,75.87465,135.7734,154503500
3/14/2014 0:00,90.48,91.06,88.63,88.67,65.16451,78.35567,160823300
3/21/2014 0:00,89.24,90.66,88.82,89,66.07935,66.80147,193380200
3/28/2014 0:00,89.32,89.39,86.4,87.05,56.6174,-28.1605,264835800
4/4/2014 0:00,87.73,89.68,86.14,86.37,53.7282,-38.67508,268563000
4/11/2014 0:00,85.83,87.88,83.91,84.11,45.43048,-126.6387,348246500
4/17/2014 0:00,84.86,86.63,83.28,86.2,52.70484,-110.5648,231606000
4/25/2014 0:00,86.4,88.21,85.98,86.19,52.66868,-46.28268,191789500
5/2/2014 0:00,86.6,88.15,85.11,87.49,56.81833,-38.52002,211030300
5/9/2014 0:00,86.97,87.97,85.53,86.8,54.10686,-48.51848,210613400
5/16/2014 0:00,87.32,88.61,86.58,87.71,57.02,-17.17384,222065300
5/23/2014 0:00,87.45,89.9,87.3,89.88,63.0442,45.77973,154124800
5/30/2014 0:00,90.28,91.45,90.2,91.31,66.38765,123.4541,122372900
6/6/2014 0:00,91.42,92.82,90.64,92.82,69.52316,150.8406,130477000
6/13/2014 0:00,92.84,93.02,91.73,92.32,67.28493,141.0908,141400600
6/20/2014 0:00,92.16,93.17,91.96,92.77,68.27485,125.5379,143521300
6/27/2014 0:00,92.76,93.76,92.43,93.75,70.3771,120.647,129158900
7/3/2014 0:00,93.73,95.7,93.67,95.7,74.06039,131.1789,85633000
7/11/2014 0:00,95.59,95.71,93.63,95.27,71.93629,105.9683,157524500
7/18/2014 0:00,95.7,96.3,94.32,96.12,73.55114,106.5689,160748800
7/25/2014 0:00,95.92,97.51,95.55,96.74,74.69493,115.6175,138532000
8/1/2014 0:00,96.84,97.32,94.04,94.67,64.64342,79.78217,198592700
8/8/2014 0:00,94.87,95.69,93.89,94.9,65.20372,59.73773,191353700
8/15/2014 0:00,95.27,97.63,94.93,97.4,70.64841,99.84152,164493900
8/22/2014 0:00,97.91,99.25,97.77,99.05,73.58608,146.9026,127636000
8/29/2014 0:00,99.55,99.91,99.08,99.78,74.78833,165.9092,100483200
9/5/2014 0:00,100.02,100.34,99.03,99.89,74.97318,143.8077,99553600
9/12/2014 0:00,99.92,100.46,99.06,99.48,72.82979,115.4004,152059600
9/19/2014 0:00,99.58,100.56,98.05,99.98,73.81302,95.40058,185255300
9/26/2014 0:00,99.74,99.89,97.7,98.78,67.49963,59.45281,242855000
10/3/2014 0:00,97.8,99.3,95.97,98.17,64.48045,17.79601,229179100
10/10/2014 0:00,98.48,98.76,94.42,94.44,49.80937,-59.10138,285473100
10/17/2014 0:00,94.27,94.99,90.24,93,45.50479,-160.3425,422537600
10/24/2014 0:00,92.99,98.69,92.8,98.62,60.02483,-23.19628,224923800
10/31/2014 0:00,98.43,101.75,98.02,101.4,64.99361,96.94053,194635100
11/7/2014 0:00,101.58,102.03,100.67,101.6,65.32751,116.8425,127471700
11/14/2014 0:00,101.66,103.28,101.38,103.22,67.99076,143.1293,105037000
11/21/2014 0:00,102.97,104.69,102.42,103.87,69.01903,153.1119,130216800
11/28/2014 0:00,104.17,106.25,104.06,106.01,72.18688,171.343,69579800
12/5/2014 0:00,105.74,105.92,104.42,105.38,69.92021,129.7411,151487500
12/12/2014 0:00,105.11,105.57,102.66,102.67,61.04125,76.3833,212127200
12/19/2014 0:00,103.23,104.74,99.92,104.32,64.03579,54.08976,298963200
12/26/2014 0:00,104.16,105.26,104.09,105.04,65.28956,80.12418,88802800
1/2/2015 0:00,104.98,105.25,102.44,102.94,58.84587,48.45021,90782100
1/9/2015 0:00,102.5,103.65,99.62,102.62,57.908,10.5487,221715000
1/16/2015 0:00,102.82,103.62,99.36,100.82,52.80943,-17.15571,227888600
1/23/2015 0:00,101.44,104.58,100.29,104.26,60.04893,17.23041,146487000
1/30/2015 0:00,104.17,104.33,99.96,101.1,52.13652,-65.77969,197879000
2/6/2015 0:00,101.33,104.17,99.75,103.13,56.13516,-48.07988,166079200
2/13/2015 0:00,102.72,106.93,102.55,106.91,62.42934,121.4574,117933200
2/20/2015 0:00,106.91,108.47,106.64,108.41,64.60008,192.1611,80926900
2/27/2015 0:00,108.4,108.94,108.05,108.4,64.57329,162.2925,106958200
3/6/2015 0:00,108.61,109.42,107.14,107.41,61.83955,123.3142,111040000
3/13/2015 0:00,107.64,107.99,104.68,105.34,56.45749,53.19033,147567300
3/20/2015 0:00,105.76,109.07,105.62,108.53,61.95298,91.69683,148828100
3/27/2015 0:00,108.5,108.81,104.24,105.52,54.91074,39.24989,162868500
4/2/2015 0:00,106.18,106.82,104.37,105.12,54.03178,14.96249,113048100
4/10/2015 0:00,104.5,107.76,104.34,107.75,58.71157,44.44413,109878800
4/17/2015 0:00,107.81,108.38,105.55,106.01,54.74094,39.78785,125211500
4/24/2015 0:00,106.54,110.69,106.5,110.54,61.95483,121.221,134861500
5/1/2015 0:00,110.96,111.16,107.06,109.05,58.64383,103.6374,176896600
5/8/2015 0:00,109.39,109.91,106,108.69,57.83955,58.83416,176045200
5/15/2015 0:00,108.72,110.01,106.8,109.58,59.32476,80.02451,121811000
5/22/2015 0:00,109.42,110.87,109.32,110.47,60.81148,146.8107,83123500
5/29/2015 0:00,110.21,111.08,108.76,110.05,59.70248,109.8351,101743200
6/5/2015 0:00,110.63,110.81,108.63,109.3,57.67961,80.77447,118296700
6/12/2015 0:00,109.24,110.15,107.2,108.75,56.1764,32.71801,127096400
6/19/2015 0:00,107.95,110.88,107.31,109.89,58.58559,57.84665,141354900
6/26/2015 0:00,110.7,111.13,108.86,109.27,56.75806,69.59731,103417800
7/2/2015 0:00,108.01,108.66,106.64,107.95,52.96959,-45.36427,127110100
7/10/2015 0:00,107.23,108.32,105.83,107.65,52.11815,-95.34576,162196700
7/17/2015 0:00,108.57,113.59,108.57,113.59,64.34054,196.3751,141437900
7/24/2015 0:00,113.85,114.39,110.93,111.1,57.69238,180.5866,153696200
7/31/2015 0:00,110.43,112.49,109.79,111.95,59.24066,107.8258,143211800
8/7/2015 0:00,112,113,109.4,110.31,55.05435,66.80045,148002000
8/14/2015 0:00,111.05,111.81,108.22,110.51,55.46765,19.66498,139804300
8/21/2015 0:00,110.23,111.46,102.4,102.4,39.57578,-203.9031,231715100
8/28/2015 0:00,94.17,106,84.74,105.62,46.17022,-290.97,448350100
9/4/2015 0:00,105.03,105.61,100.63,102.16,40.99316,-131.9468,250678900
9/11/2015 0:00,104.13,106.31,103.59,105.57,47.26871,-63.59817,161131800
9/18/2015 0:00,105.98,108.73,104.85,105.35,46.92199,-32.90136,183867100
9/25/2015 0:00,105.94,106.55,102.27,102.92,43.15651,-73.45345,187797600
10/2/2015 0:00,102.42,104.01,98.75,104.01,45.27787,-91.80448,233400800
10/9/2015 0:00,104.74,106.73,104.18,106.53,49.93014,-18.3463,177281900
10/16/2015 0:00,106.75,108.18,105.49,108.12,52.6646,10.55968,139438400
10/23/2015 0:00,107.98,113.24,107.48,112.78,59.62426,91.09975,173262300
10/30/2015 0:00,112.71,114.08,112.27,113.33,60.36496,127.8958,151588700
11/6/2015 0:00,113.63,115.47,113.39,114.79,62.34,139.0542,126040500
11/13/2015 0:00,114.39,114.51,109.78,109.84,52.74366,79.28256,175649600
11/20/2015 0:00,109.73,114.57,109.48,114.48,59.0994,96.75195,146293500
11/27/2015 0:00,114.52,114.94,112.84,114.31,58.78743,95.73115,70039600
12/4/2015 0:00,114.65,115.75,111.84,115.14,59.90038,85.69557,158840300
12/11/2015 0:00,115.22,115.29,110.72,110.79,51.9779,46.25195,191269000
12/18/2015 0:00,110.94,114.48,109.38,109.83,50.39383,22.65249,245811400
12/24/2015 0:00,110.9,112.9,110.05,112.59,54.67098,29.4052,90003700
12/31/2015 0:00,112.26,114.55,111.51,111.86,53.36049,41.51995,96276300
1/8/2016 0:00,109.45,110.18,103.9,104.01,41.76633,-163.4466,262115300
1/15/2016 0:00,104.75,106.23,99.51,100.84,38.16047,-233.7979,336282800
1/22/2016 0:00,102.21,103.81,97.25,103.77,43.05416,-190.6937,247060600
1/29/2016 0:00,103.4,104.17,100.15,104.13,43.64426,-122.5123,231278800
2/5/2016 0:00,103.63,104.8,97.72,98.12,36.79012,-126.8892,259182600
2/12/2016 0:00,96.29,98.69,94.84,98.02,36.68687,-133.936,350809700
2/19/2016 0:00,99.47,102.84,98.85,101.63,42.91465,-72.49398,149505300
2/26/2016 0:00,102.58,104.37,99.77,103.43,45.77857,-48.26414,154832800
3/4/2016 0:00,103.33,106.35,102.5,105.67,49.19447,-12.86028,151503400
3/11/2016 0:00,105.13,106.49,103.31,106.49,50.42571,4.764234,162218200
3/18/2016 0:00,106.09,107.86,105.95,107.37,51.77638,41.63151,150845800
3/24/2016 0:00,107.18,108.37,106.53,107.26,51.58717,56.78535,76028600
4/1/2016 0:00,107.56,110.4,106.73,110.36,56.42033,101.0914,115445400
4/8/2016 0:00,110.31,110.71,108.61,109,53.87905,120.1557,113752900
4/15/2016 0:00,109.47,111.33,108.02,110.64,56.42773,115.3055,118211200
4/22/2016 0:00,110.32,111.44,108.12,108.98,53.22179,90.71684,136935300
4/29/2016 0:00,108.65,109.39,104.88,105.72,47.51269,29.23495,163790400
5/6/2016 0:00,105.99,106.87,104.4,105.58,47.27814,3.901123,142365400
5/13/2016 0:00,105.61,107.49,105.14,105.5,47.13494,4.775301,111626800
5/20/2016 0:00,105.66,107.21,104.54,106.47,49.1461,-14.0872,133226200
5/27/2016 0:00,106.59,110.14,106.23,110.13,55.95485,69.09074,125835400
6/3/2016 0:00,110.28,110.6,109.34,110.06,55.80096,98.44196,79873700
6/10/2016 0:00,110.26,110.75,108.56,108.94,53.2764,63.97051,89762700
6/17/2016 0:00,108.32,108.93,106.24,106.49,48.14504,-37.26335,135848200
6/24/2016 0:00,107.73,108.79,104.06,104.29,44.04288,-95.76026,152718700
7/1/2016 0:00,103.6,108.48,101.75,108.08,51.68092,-70.79526,165798300
7/8/2016 0:00,107.51,110.36,106.57,110.3,55.51157,50.67382,94338300
7/15/2016 0:00,110.67,112.3,110.66,111.8,57.93799,134.3383,102007100
7/22/2016 0:00,111.87,113.78,111.85,113.65,60.77918,162.2437,103502600
7/29/2016 0:00,113.56,115.54,113.22,115.23,63.07333,170.8622,101130600
8/5/2016 0:00,115.31,118.78,114.22,116.78,65.22245,173.7148,86274500
8/12/2016 0:00,116.84,117.37,116.28,117.2,65.80322,142.767,72646400
8/19/2016 0:00,117.33,117.97,116.43,117.26,65.89087,119.3332,70658000
8/26/2016 0:00,117.09,118.01,116.08,116.78,64.46755,96.92921,92305500
9/2/2016 0:00,116.81,117.56,115.91,117.12,65.04356,80.95454,86217100
9/9/2016 0:00,117.32,118.12,114.26,114.28,56.76585,50.77224,106952200
9/16/2016 0:00,113.64,117.82,113.63,117.29,62.2494,55.92471,180737300
9/23/2016 0:00,117.59,119.22,116.55,118.33,63.95071,80.47833,110631900
9/30/2016 0:00,117.66,119.07,117.15,118.72,64.59509,84.00703,104157500
10/7/2016 0:00,118.57,119.17,117.89,118.47,63.80772,90.90498,86850700
10/14/2016 0:00,119.08,119.48,115.94,117.14,59.64259,55.46878,105833500
10/21/2016 0:00,117.04,118.41,116.67,118.15,61.68784,62.75447,80973900
10/28/2016 0:00,118.91,119.66,116.74,117.1,58.3757,62.67173,114377100
11/4/2016 0:00,117.53,117.53,113.45,113.65,49.05577,-185.2698,132351300
11/11/2016 0:00,115.49,118.38,114.2,115.8,53.98608,-74.55927,231385400
11/18/2016 0:00,115.84,118.1,114.03,117.32,57.14386,-41.5101,121227300
11/25/2016 0:00,117.61,119.19,117.57,118.8,60.0208,98.25475,69188600
12/2/2016 0:00,118.65,119.51,115.22,115.7,52.12733,-20.19404,135080500
12/9/2016 0:00,116.3,119.54,115.77,119.5,59.20901,69.9388,115759600
12/16/2016 0:00,118.97,121.11,118.47,119.6,59.3793,149.203,155450700
12/23/2016 0:00,119.72,120.83,119.55,120.2,60.44628,157.6104,65319100
12/30/2016 0:00,120.44,121.52,118.14,118.48,55.91233,90.26347,89095100
1/6/2017 0:00,119.31,122.25,118.89,121.93,62.05964,151.0696,86739200
1/13/2017 0:00,122.03,123.37,121.6,123.16,63.98757,178.8458,92298100
1/20/2017 0:00,122.84,123.83,122.43,123.25,64.13119,151.3667,61798300
1/27/2017 0:00,123.17,125.92,122.57,125.8,68.02256,159.7671,81179600
2/3/2017 0:00,125.38,125.81,123.85,125.68,67.6506,136.3933,98973000
2/10/2017 0:00,125.47,127.56,125.35,127.38,70.14146,145.1657,73181200
2/17/2017 0:00,127.77,129.82,127.72,129.81,73.30555,158.6184,83965000
2/24/2017 0:00,130.06,130.7,129.38,130.26,73.85802,147.6349,66689800
3/3/2017 0:00,130.02,131.68,129.66,131.02,74.80637,131.5838,88065900
3/10/2017 0:00,130.56,131.6,130.14,131.39,75.27659,115.7733,86054600
3/17/2017 0:00,131.34,132.41,130.76,131.69,75.67306,107.298,87125100
3/24/2017 0:00,131.65,132.43,129.68,130.63,71.32109,81.57104,118373000
3/31/2017 0:00,129.7,132.74,129.4,132.38,73.98148,80.58527,91789800
4/7/2017 0:00,132.49,133.48,131.5,131.97,72.28951,85.3407,104617000
4/13/2017 0:00,132.1,132.57,130.38,130.4,66.05932,55.64857,89007900
4/21/2017 0:00,130.8,132.88,130.72,132.56,69.90253,72.45325,88311700
4/28/2017 0:00,134.03,136.34,133.8,135.99,74.78516,160.8481,106126100
5/5/2017 0:00,136.44,137.54,136.38,137.54,76.63017,207.9955,100878800
5/12/2017 0:00,137.61,138.63,137.33,138.6,77.82517,191.5236,109118400
5/19/2017 0:00,138.66,139.64,135.87,137.84,74.86914,134.392,175847000
5/26/2017 0:00,138.15,141.33,138.1,141.22,78.7372,148.8439,95277800
6/2/2017 0:00,141.15,143.49,140.57,143.46,80.84174,153.6857,110862700
6/9/2017 0:00,143.44,143.9,138.11,139.98,69.35648,99.81154,192117500
6/16/2017 0:00,138.84,140.93,137.47,138.15,64.19184,57.65549,318931800
6/23/2017 0:00,139.45,141.42,139.28,141.24,68.46232,79.73614,161976400
6/30/2017 0:00,142.05,142.29,136.25,137.64,59.55154,37.45738,315382700
7/7/2017 0:00,138.27,138.43,135.8,137.76,59.73964,-0.5445472,160285300
7/14/2017 0:00,137.84,142.3,137.5,142.12,65.93783,74.532,157974600
7/21/2017 0:00,142.27,144.44,141.64,144.11,68.33408,140.8188,160644100
7/28/2017 0:00,144.07,145.96,142.3,143.84,67.6388,141.6115,192084600
8/4/2017 0:00,144.25,144.52,142.61,143.65,67.12125,114.0271,152312800
8/11/2017 0:00,143.91,145.47,140.89,142.1,62.89344,77.17343,194000500
8/18/2017 0:00,143.23,144.96,140.65,141.23,60.58663,47.8166,222452400
8/25/2017 0:00,141.22,143.35,140.18,141.97,61.86776,23.17186,163602900
9/1/2017 0:00,142.41,146.59,141.06,146,67.97323,111.4022,134165400
9/8/2017 0:00,145.57,145.88,143.6,144.21,63.13768,99.4208,126783900
9/15/2017 0:00,145.3,146.59,145.29,146.06,65.84226,125.1801,167471000
9/22/2017 0:00,145.91,146.37,143.85,144.32,61.28764,79.6637,130462900
9/29/2017 0:00,143.75,145.56,142.1,145.45,63.07409,56.50709,185048100
10/6/2017 0:00,145.67,147.66,144.93,147.66,66.34518,133.3414,128531000
10/13/2017 0:00,147.86,148.51,146.95,148.34,67.30489,174.7891,78252100
10/20/2017 0:00,148.71,149.21,147.27,148.71,67.84225,164.6604,109964200
10/27/2017 0:00,149.02,151.52,146.33,151.24,71.31403,162.2724,174061000
11/3/2017 0:00,151.13,153.29,150.77,153.27,73.76173,185.8099,144700900
11/10/2017 0:00,153.13,154.54,152.11,153.68,74.23981,162.7598,128110300
11/17/2017 0:00,153.1,154.89,151.78,153.95,74.56845,132.7701,125941700
11/24/2017 0:00,154.06,156.31,153.61,156.26,77.24335,140.3622,66796800
12/1/2017 0:00,156.21,156.69,152.26,154.49,71.07467,102.4706,235399200
12/8/2017 0:00,155.46,155.63,152.06,154.7,71.36682,81.95156,181223300
12/15/2017 0:00,154.77,157.82,154.76,157.65,75.16221,110.166,139896600
12/22/2017 0:00,158.29,158.77,156.91,157.37,74.15746,110.278,139171000
12/29/2017 0:00,156.49,157.07,155.7,155.76,68.48814,76.83139,102858500
1/5/2018 0:00,156.56,162.03,156.17,161.92,76.03667,145.2048,113688100
1/12/2018 0:00,161.9,164.66,161.12,164.49,78.36519,186.4918,140135400
1/19/2018 0:00,165.58,166.61,163.53,166.34,79.88072,182.4844,140404300
1/26/2018 0:00,166.28,170.95,166.09,170.93,83.05276,190.2133,179249900
2/2/2018 0:00,170.57,170.91,164.47,164.61,67.31548,117.4155,231139200
2/9/2018 0:00,163.07,165.75,150.13,156.1,52.80589,-23.10662,521952400
2/16/2018 0:00,157.7,166.76,156.46,164.96,61.99154,49.03858,260773600
2/23/2018 0:00,164.38,168.17,164.31,168.17,64.67421,94.41172,164950800
3/2/2018 0:00,168.96,170.73,161.96,165.99,61.49956,72.58255,258577800
3/9/2018 0:00,165.21,173.16,164.59,173.16,67.202,115.3566,166578900
3/16/2018 0:00,173.67,175.21,170.9,171.02,64.14808,128.6707,193639100
3/23/2018 0:00,169.1,169.22,158.43,158.51,49.87832,-32.21927,295857200
3/29/2018 0:00,161.72,165.62,156.04,160.13,51.38644,-62.21621,294320600
4/6/2018 0:00,158.99,161.58,153.88,156.63,48.02438,-121.2174,318122700
4/13/2018 0:00,157.98,163.26,157.46,161.37,52.55199,-64.93367,206986900
4/20/2018 0:00,162.5,167,161.48,162.3,53.40955,-14.26218,177084100
4/27/2018 0:00,163.09,164.41,156.47,162.09,53.17583,-52.83386,249316900
5/4/2018 0:00,162.47,165.25,159.22,164.87,55.92533,-10.06296,212515300
5/11/2018 0:00,165.64,169.86,164.86,169.46,60.09208,80.16824,139366200
5/18/2018 0:00,169.85,170.82,166.98,167.46,57.53953,72.35442,147780000
5/25/2018 0:00,168.76,170.33,166.88,169.72,59.6265,70.67891,124058600
6/1/2018 0:00,168.95,172.84,167.96,172.74,62.29356,96.34212,145018000
6/8/2018 0:00,173.18,175.93,173.07,174.44,63.74541,122.8695,141593700
6/15/2018 0:00,174.31,177.89,174.28,176.98,65.86053,131.6014,168157900
6/22/2018 0:00,175.49,177.98,173.71,175.32,63.2629,113.9625,176223400
6/29/2018 0:00,173.73,173.99,169.17,171.65,57.83204,55.26322,252383600
7/6/2018 0:00,169.97,175.74,169.67,175.61,61.65693,73.27895,125863500
7/13/2018 0:00,176.52,179.9,175.8,179.61,65.10047,121.1825,137428000
7/20/2018 0:00,179.65,180.65,177.28,178.99,64.13896,114.4005,142523600
7/27/2018 0:00,178.46,182.93,176.6,177.62,61.96121,101.249,194945300
8/3/2018 0:00,177.63,180.09,174.27,180.08,64.30486,79.58842,220630200
8/10/2018 0:00,179.96,182.63,179.74,180.52,64.72352,116.4293,129993500
8/17/2018 0:00,180.88,182.01,178.12,179.86,63.52005,88.08839,169264900
8/24/2018 0:00,180.26,182.63,179,182.48,66.2063,104.0299,118031900
8/31/2018 0:00,183.4,187.52,183.11,186.65,69.99356,171.7957,136671200
9/7/2018 0:00,186.08,186.4,180.44,181.11,60.32148,98.65588,164352500
9/14/2018 0:00,182.15,184.95,180.52,183.99,63.17068,97.05711,154724100
9/21/2018 0:00,183.68,185.48,181.17,183.71,62.6993,88.4459,168362000
9/28/2018 0:00,182.02,186.49,181.3,185.79,64.8006,97.81217,157549400
10/5/2018 0:00,186.87,187.53,178.43,180.15,55.64656,32.10551,245871800
10/12/2018 0:00,179.52,181.02,167.81,174.32,48.08493,-184.4475,475423300
10/19/2018 0:00,173.71,178.26,171.56,173.02,46.56543,-156.513,369124500
