Date,Open,High,Low,Close,Wilder's RSI 14,Commodity Channel Index (CCI) 14,,,,
12/5/2017 0:00,95.16,98.58,92.41,95.28,,,,,,
12/6/2017 0:00,94.9,96.62,93.82,95.77,,,,0.51%,,-1.53%
12/7/2017 0:00,96.33,99.97,96.11,99.79,,,,4.20%,,0.36%
12/8/2017 0:00,102.12,102.96,99.87,100.77,,,,0.98%,,0.08%
12/11/2017 0:00,101.29,105.12,101.29,104.11,,,,3.31%,,0.52%
12/12/2017 0:00,104,104,100.5,101.4,,,,-2.60%,,-3.47%
12/13/2017 0:00,101.86,104.22,101.86,103.21,,,,1.79%,,0.45%
12/14/2017 0:00,103.63,104.65,102.8,103.23,,,,0.02%,,-0.40%
12/15/2017 0:00,103.63,106.35,102.8,105.22,,,,1.93%,,-0.42%
12/18/2017 0:00,106.73,108.04,106.34,107.62,,,,2.28%,,1.06%
12/19/2017 0:00,107.63,107.63,105.61,105.73,,,,-1.76%,,-1.87%
12/20/2017 0:00,106.67,106.84,103.61,105.24,,,,-0.46%,,-2.01%
12/21/2017 0:00,105.78,106.59,104.56,104.8,,,,-0.42%,,-0.65%
12/22/2017 0:00,104.13,104.55,102.13,103.86,,23.18327,,-0.90%,,-2.55%
12/26/2017 0:00,102.41,105.39,101.55,104.84,,24.2862,,0.94%,,-2.22%
12/27/2017 0:00,104.83,105.2,103.32,104.5,70.18389,24.57418,,-0.32%,,-1.45%
12/28/2017 0:00,104.8,105.22,101.59,102.39,63.83324,-53.73209,,-2.02%,,-2.78%
12/29/2017 0:00,102.52,102.55,100.4,101,59.98269,-147.4751,,-1.36%,,-1.94%
1/2/2018 0:00,101.59,105.72,101.02,105.49,66.92352,-3.058448,,4.45%,,0.02%
1/3/2018 0:00,106.5,108.12,106.17,107.75,69.76606,142.9392,,2.14%,,0.64%
1/4/2018 0:00,108.33,110.06,107.21,109.95,72.26478,175.8237,,2.04%,,-0.50%
1/5/2018 0:00,110.55,111.77,109.02,110.58,72.95411,175.473,,0.57%,,-0.85%
1/8/2018 0:00,110,112.69,109.99,112.35,74.84569,161.2114,,1.60%,,-0.53%
1/9/2018 0:00,112.35,113.67,109.73,110.73,70.01884,127.0565,,-1.44%,,-2.33%
1/10/2018 0:00,109.7,111.46,109,111,70.36191,86.90601,,0.24%,,-1.56%
1/11/2018 0:00,111.21,111.75,110.5,111.13,70.53672,85.0584,,0.12%,,-0.45%
1/12/2018 0:00,111.29,114.5,111.09,112.8,72.75953,100.6252,,1.50%,,-0.04%
1/16/2018 0:00,114,114.66,111.18,111.92,69.77238,84.64844,,-0.78%,,-1.44%
1/17/2018 0:00,112.56,115.84,111.48,114.91,73.72022,101.473,,2.67%,,-0.39%
1/18/2018 0:00,114.59,116.73,114.07,114.8,73.34073,112.1974,,-0.10%,,-0.73%
1/19/2018 0:00,115.1,115.81,114.6,115.48,74.22408,111.0032,,0.59%,,-0.17%
1/22/2018 0:00,115.5,119.65,115.44,119.43,78.6496,168.3741,,3.42%,,-0.03%
1/23/2018 0:00,119.71,120.06,115.8,118.69,76.01645,146.0944,,-0.62%,,-3.04%
1/24/2018 0:00,119.94,121.95,118.25,119.67,77.10944,153.9209,,0.83%,,-0.37%
1/25/2018 0:00,121,126.24,120.33,124.9,81.86049,188.5526,,4.37%,,0.55%
1/26/2018 0:00,126.36,130.47,124,129.07,84.60429,195.7411,,3.34%,,-0.72%
1/29/2018 0:00,129.7,129.97,125.22,127.3,79.1328,146.6859,,-1.37%,,-2.98%
1/30/2018 0:00,121.5,125.83,119.09,124.21,70.55439,72.20291,,-2.43%,,-6.45%
1/31/2018 0:00,126.42,128.59,125.58,127.92,74.17433,110.2273,,2.99%,,1.10%
2/1/2018 0:00,127.17,131.16,125.7,126.28,70.07334,97.33687,,-1.28%,,-1.74%
2/2/2018 0:00,125.6,128.68,123.8,125.12,67.2415,62.6738,,-0.92%,,-1.96%
2/5/2018 0:00,120.03,127.29,118.3,118.3,53.54153,-7.854452,,-5.45%,,-5.45%
2/6/2018 0:00,113.5,122.7,112.06,122.14,58.64997,-53.13048,,3.25%,,-5.27%
2/7/2018 0:00,122.32,127.7,121.41,123.34,60.12553,25.31554,,0.98%,,-0.60%
2/8/2018 0:00,124.55,127.07,118.5,118.51,52.07125,-40.35738,,-3.92%,,-3.92%
2/9/2018 0:00,120.81,123.93,114.16,119.55,53.51519,-90.42515,,0.88%,,-3.67%
2/12/2018 0:00,123.44,128.95,122.17,127.94,63.15812,58.77262,,7.02%,,2.19%
2/13/2018 0:00,127.75,130.42,125.13,126.06,60.14723,68.7022,,-1.47%,,-2.20%
2/14/2018 0:00,125.02,138.16,125.02,137.56,69.67165,175.0799,,9.12%,,-0.83%
2/15/2018 0:00,135,140.75,130.3,137.95,69.93407,189.0032,,0.28%,,-5.28%
2/16/2018 0:00,135.58,138.66,134.11,137.53,69.23925,157.8661,,-0.30%,,-2.78%
2/20/2018 0:00,136.99,146.12,136.62,142.78,72.86806,175.0295,,3.82%,,-0.66%
2/21/2018 0:00,136.92,137.34,132.77,132.9,58.808,68.38036,,-6.92%,,-7.01%
2/22/2018 0:00,133.96,136.53,133.2,134.18,59.88785,61.15036,,0.96%,,0.23%
2/23/2018 0:00,135.24,137,133.1,137,62.23665,62.02736,,2.10%,,-0.80%
2/26/2018 0:00,137.1,138.32,135.14,136.27,61.23702,61.95798,,-0.53%,,-1.36%
2/27/2018 0:00,136.71,139.44,135.59,137.66,62.47301,65.4743,,1.02%,,-0.50%
2/28/2018 0:00,139.5,140.5,137.93,138.21,62.97607,74.85223,,0.40%,,0.20%
3/1/2018 0:00,137.24,139.15,133.32,136.85,60.8055,39.27008,,-0.98%,,-3.54%
3/2/2018 0:00,135,137.5,134.47,136.75,60.63998,25.14551,,-0.07%,,-1.74%
3/5/2018 0:00,135.17,139.85,134,139.29,63.36736,55.6725,,1.86%,,-2.01%
3/6/2018 0:00,140.11,143.37,139.72,141.51,65.61034,169.1418,,1.59%,,0.31%
3/7/2018 0:00,139.95,144.44,139,143.68,67.69266,156.1736,,1.53%,,-1.77%
3/8/2018 0:00,144.62,148.02,144.62,147.41,70.94891,199.5621,,2.60%,,0.65%
3/9/2018 0:00,149.16,150.47,147.62,149.16,72.35664,181.7673,,1.19%,,0.14%
3/12/2018 0:00,149.73,150.15,147.38,148.15,70.2411,139.3459,,-0.68%,,-1.19%
3/13/2018 0:00,148.53,148.75,144.51,145.32,64.54655,84.65283,,-1.91%,,-2.46%
3/14/2018 0:00,145.61,148.12,143.88,146.25,65.53539,71.16915,,0.64%,,-0.99%
3/15/2018 0:00,147.7,149,146.2,147.41,66.77998,80.18768,,0.79%,,-0.03%
3/16/2018 0:00,146.98,148.14,145.36,147.22,66.35728,60.6968,,-0.13%,,-1.39%
3/19/2018 0:00,145.5,148.19,142.93,145.62,62.75501,33.50811,,-1.09%,,-2.91%
3/20/2018 0:00,145.5,154.82,145,153.11,70.75782,110.0031,,5.14%,,-0.43%
3/21/2018 0:00,153.54,154,148.26,149.4,63.48169,100.2135,,-2.42%,,-3.17%
3/22/2018 0:00,147.21,152.8,145.33,145.45,56.7863,41.29966,,-2.64%,,-2.72%
3/23/2018 0:00,145.74,148.47,141,141.66,51.2058,-94.80048,,-2.61%,,-3.06%
3/26/2018 0:00,145.6,147.82,130.5,136.72,44.99852,-229.8134,,-3.49%,,-7.88%
3/27/2018 0:00,136.25,139.13,127.21,128.82,37.22673,-278.3014,,-5.78%,,-6.96%
3/28/2018 0:00,127,127.75,120.68,121.6,31.81804,-247.5009,,-5.60%,,-6.32%
3/29/2018 0:00,120.92,126.28,118.57,124.59,35.96717,-170.2781,,2.46%,,-2.49%
4/2/2018 0:00,124.67,127.5,120.3,122.08,34.09165,-128.5199,,-2.01%,,-3.44%
4/3/2018 0:00,124,125.48,117.8,119.37,32.14279,-116.7751,,-2.22%,,-3.51%
4/4/2018 0:00,113.88,121.35,112.5,120.67,34.08925,-108.8568,,1.09%,,-5.76%
4/5/2018 0:00,123.75,125.52,119.6,120.14,33.66527,-74.94946,,-0.44%,,-0.89%
4/6/2018 0:00,118.52,120.79,115.96,117.42,31.49995,-84.1994,,-2.26%,,-3.48%
4/9/2018 0:00,119.15,123.71,118.1,118.95,34.06879,-63.47651,,1.30%,,0.58%
4/10/2018 0:00,122.45,123.49,118.95,122.87,40.25118,-47.86174,,3.30%,,0.00%
4/11/2018 0:00,122,124.2,119.36,119.53,37.06227,-47.85808,,-2.72%,,-2.86%
4/12/2018 0:00,120.57,121.25,119.13,120.75,38.96442,-50.91315,,1.02%,,-0.33%
4/13/2018 0:00,122,122.19,116.24,117.51,35.86439,-78.76813,,-2.68%,,-3.73%
4/16/2018 0:00,117.78,118,113.68,116.94,35.33181,-140.4384,,-0.49%,,-3.26%
4/17/2018 0:00,118,127.32,117.91,125.96,48.39198,107.7436,,7.71%,,0.83%
4/18/2018 0:00,126.14,128.31,123.26,127.56,50.30902,176.7668,,1.27%,,-2.14%
4/19/2018 0:00,126.12,129.58,125.58,126.67,49.21391,169.1761,,-0.70%,,-1.55%
4/20/2018 0:00,126.5,127.6,125.29,126.79,49.37393,127.9787,,0.09%,,-1.09%
4/23/2018 0:00,127.15,127.22,121.15,122.91,44.49257,49.66657,,-3.06%,,-4.45%
4/24/2018 0:00,123.58,126.85,121.51,123.14,44.8407,42.53218,,0.19%,,-1.14%
4/25/2018 0:00,123,123.33,118.55,120.02,41.0771,-33.89461,,-2.53%,,-3.73%
4/26/2018 0:00,122.71,125.52,121.98,124.15,47.3738,36.58101,,3.44%,,1.63%
4/27/2018 0:00,126.57,127.1,124.2,126.62,50.76267,78.48836,,1.99%,,0.04%
4/30/2018 0:00,128.05,134.43,127.01,133.63,58.85971,180.8331,,5.54%,,0.31%
5/1/2018 0:00,125.51,128.1,118.81,127.68,51.16814,24.1343,,-4.45%,,-11.09%
5/2/2018 0:00,126.85,129.74,122.48,124.81,47.91559,35.9871,,-2.25%,,-4.07%
5/3/2018 0:00,124.81,135.53,124.25,135.17,58.23583,158.4028,,8.30%,,-0.45%
5/4/2018 0:00,134.9,138.26,132.63,136.13,59.04564,211.5668,,0.71%,,-1.88%
5/7/2018 0:00,137.79,139.05,136.59,138.56,61.10165,182.7332,,1.79%,,0.34%
5/8/2018 0:00,139.22,146.05,138.61,143.31,64.81956,180.0772,,3.43%,,0.04%
5/9/2018 0:00,144,146.48,143,146.1,66.82528,157.8927,,1.95%,,-0.22%
5/10/2018 0:00,146.1,146.97,145.13,146.23,66.91991,134.0125,,0.09%,,-0.66%
5/11/2018 0:00,146.55,146.67,142.71,144.47,64.24775,99.55141,,-1.20%,,-2.41%
5/14/2018 0:00,145.3,148.29,142.23,142.64,61.498,83.28776,,-1.27%,,-1.55%
5/15/2018 0:00,141.21,142.75,137.63,142.5,61.28191,46.81881,,-0.10%,,-3.51%
5/16/2018 0:00,143.29,144.63,142.11,142.28,60.91966,57.17622,,-0.15%,,-0.27%
5/17/2018 0:00,142.22,146.62,141.9,146.1,64.80944,67.95257,,2.68%,,-0.27%
5/18/2018 0:00,145.32,147.7,144.73,147.06,65.73251,76.74747,,0.66%,,-0.94%
5/21/2018 0:00,148.73,150.97,143.42,144.51,61.14449,72.02509,,-1.73%,,-2.48%
5/22/2018 0:00,141,142.99,137.31,138.75,52.26964,-46.28215,,-3.99%,,-4.98%
5/23/2018 0:00,138,141.25,137.5,140.83,54.81986,-68.68684,,1.50%,,-0.90%
5/24/2018 0:00,141,143.68,140.25,143.05,57.43395,-25.38636,,1.58%,,-0.41%
5/25/2018 0:00,143.53,144.66,142.68,143.64,58.12735,2.8481,,0.41%,,-0.26%
5/29/2018 0:00,143.32,145.32,141.8,143.29,57.52864,-6.288991,,-0.24%,,-1.28%
5/30/2018 0:00,144,146.8,143.69,145.84,60.70427,65.99826,,1.78%,,0.28%
5/31/2018 0:00,146.5,149.98,145.52,148.09,63.31101,141.0167,,1.54%,,-0.22%
6/1/2018 0:00,149.5,151.66,147.54,150.8,66.21778,168.0627,,1.83%,,-0.37%
6/4/2018 0:00,151.93,157.86,151.75,156.91,71.66795,225.2823,,4.05%,,0.63%
6/5/2018 0:00,157.31,162,156.84,161.06,74.65846,225.5258,,2.64%,,-0.04%
6/6/2018 0:00,162.15,165.77,160.26,165.36,77.3287,195.8082,,2.67%,,-0.50%
6/7/2018 0:00,166,166.01,158.88,161.26,69.7788,131.6015,,-2.48%,,-3.92%
6/8/2018 0:00,159.55,163.83,158.5,162.81,70.93416,103.1802,,0.96%,,-1.71%
6/11/2018 0:00,163.2,164.9,160.03,160.24,66.40137,85.33744,,-1.58%,,-1.71%
6/12/2018 0:00,160.33,165.89,160.13,165.24,70.36858,87.10432,,3.12%,,-0.07%
6/13/2018 0:00,165.4,171.13,163.81,165.09,70.10114,97.89973,,-0.09%,,-0.87%
6/14/2018 0:00,166.17,168.86,166,167.94,72.25833,94.53685,,1.73%,,0.55%
6/15/2018 0:00,166.5,169.36,164.65,168.44,72.63141,85.9737,,0.30%,,-1.96%
6/18/2018 0:00,167,172.92,166.8,172.84,75.72515,114.8826,,2.61%,,-0.97%
6/19/2018 0:00,169.65,172.51,167.07,170.61,71.32459,104.4179,,-1.29%,,-3.34%
6/20/2018 0:00,174,175.11,172.21,172.25,72.5863,133.3679,,0.96%,,0.94%
6/21/2018 0:00,173.48,173.84,164.35,164.54,59.36245,41.4076,,-4.48%,,-4.59%
6/22/2018 0:00,166.52,166.68,160.07,162.53,56.47392,-51.01836,,-1.22%,,-2.72%
6/25/2018 0:00,160,160,151.05,153.21,45.43431,-187.4429,,-5.73%,,-7.06%
6/26/2018 0:00,156.56,158.73,154.11,155.01,47.56616,-135.9452,,1.17%,,0.59%
6/27/2018 0:00,155.43,156.2,144.28,144.7,38.32901,-193.8133,,-6.65%,,-6.92%
6/28/2018 0:00,143,147.83,140.4,146.55,40.55961,-174.7627,,1.28%,,-2.97%
6/29/2018 0:00,147.65,149.95,145.35,145.89,40.0037,-119.3619,,-0.45%,,-0.82%
7/2/2018 0:00,142.71,149.57,141.37,149.42,44.39349,-98.61842,,2.42%,,-3.10%
7/3/2018 0:00,150,151.95,147.25,150.5,45.70247,-65.12563,,0.72%,,-1.45%
7/5/2018 0:00,152.89,153.77,149.96,152.68,48.34566,-42.71708,,1.45%,,-0.36%
7/6/2018 0:00,152.91,157.34,152,156.81,53.01239,-13.94787,,2.71%,,-0.45%
7/9/2018 0:00,158.79,160.4,154.24,158.45,54.76024,13.73414,,1.05%,,-1.64%
7/10/2018 0:00,158.62,160.37,157.81,158.98,55.33843,38.49146,,0.33%,,-0.40%
7/11/2018 0:00,156.96,161.97,156.27,160.98,57.54356,65.59159,,1.26%,,-1.70%
7/12/2018 0:00,162.58,168.2,162.11,167.5,63.81578,146.7866,,4.05%,,0.70%
7/13/2018 0:00,167.72,168.11,163.74,166.18,61.82442,140.3184,,-0.79%,,-2.24%
7/16/2018 0:00,166.13,169.4,164.8,165.35,60.54509,120.2904,,-0.50%,,-0.83%
7/17/2018 0:00,161.05,170.3,161.05,169,64.06657,102.004,,2.21%,,-2.60%
7/18/2018 0:00,169.5,171.48,167.03,170.48,65.41451,111.9811,,0.88%,,-1.17%
7/19/2018 0:00,170,172.1,168.18,171.75,66.57328,106.9654,,0.74%,,-1.35%
7/20/2018 0:00,172,175.29,171.3,171.75,67.73737,109.1135,,0.00%,,-0.26%
7/23/2018 0:00,171.65,174.13,169,173.26,69.11459,92.64882,,0.88%,,-1.60%
7/24/2018 0:00,175,176.6,166.63,168.34,60.11074,69.95334,,-2.84%,,-3.83%
7/25/2018 0:00,168.3,174.03,165.57,173.78,65.46754,74.28531,,3.23%,,-1.65%
7/26/2018 0:00,169.33,172.24,168.65,170.29,59.90909,55.77066,,-2.01%,,-2.95%
7/27/2018 0:00,172.35,172.35,159.26,160.15,47.33433,-68.07214,,-5.95%,,-6.48%
7/30/2018 0:00,159.8,160.43,147.33,148.08,37.29852,-249.1061,,-7.54%,,-8.00%
7/31/2018 0:00,138.9,143.77,133.26,138.21,31.43015,-299.5261,,-6.67%,,-10.01%
8/1/2018 0:00,138.21,140.22,134.89,136.36,30.46269,-195.3173,,-1.34%,,-2.40%
8/2/2018 0:00,134.25,144.21,132.63,143.92,38.75864,-126.696,,5.54%,,-2.74%
8/3/2018 0:00,144.93,145.47,140.83,141.87,37.45379,-90.05671,,-1.42%,,-2.15%
8/6/2018 0:00,141.91,142.41,138,142.04,37.64127,-82.9221,,0.12%,,-2.73%
8/7/2018 0:00,143.98,146.64,141.17,141.68,37.3857,-61.47746,,-0.25%,,-0.61%
8/8/2018 0:00,142.65,144.14,140.85,142.7,38.65657,-56.22601,,0.72%,,-0.59%
8/9/2018 0:00,142.21,147.14,142.2,146.44,43.2082,-36.96712,,2.62%,,-0.35%
8/10/2018 0:00,145.09,151.18,144.15,149.22,46.39228,-14.05331,,1.90%,,-1.56%
8/13/2018 0:00,149.35,151.01,142.41,142.87,40.76954,-24.09311,,-4.26%,,-4.56%
8/14/2018 0:00,144.2,145.74,141.55,144.38,42.55259,-27.79542,,1.06%,,-0.92%
8/15/2018 0:00,142.65,144.56,137.11,138.92,38.08779,-63.8862,,-3.78%,,-5.04%
8/16/2018 0:00,141.87,142.11,138.85,139.16,38.39378,-63.52395,,0.17%,,-0.05%
8/17/2018 0:00,138.92,140.24,135.79,137.19,36.78663,-104.6908,,-1.42%,,-2.42%
8/20/2018 0:00,138,138.33,132.85,135.97,35.78754,-140.9906,,-0.89%,,-3.16%
8/21/2018 0:00,135.12,137.78,133.26,133.44,33.741,-149.3235,,-1.86%,,-1.99%
8/22/2018 0:00,132.34,138.5,132.34,137.63,39.87343,-102.8192,,3.14%,,-0.82%
8/23/2018 0:00,138,140.91,137.05,137.49,39.74108,-48.52999,,-0.10%,,-0.42%
8/24/2018 0:00,139.6,141.5,138.47,140.58,44.14762,-13.19004,,2.25%,,0.71%
8/27/2018 0:00,141.9,144.75,139,144.04,48.67367,36.20824,,2.46%,,-1.12%
8/28/2018 0:00,145.46,146.05,142.75,145,49.88708,70.21124,,0.67%,,-0.90%
8/29/2018 0:00,145.39,146.5,143.77,145.15,50.08564,80.99312,,0.10%,,-0.85%
8/30/2018 0:00,144.89,146.48,143.28,144.81,49.60585,86.94363,,-0.23%,,-1.29%
8/31/2018 0:00,143.89,146.26,143.39,145.67,50.88741,93.43575,,0.59%,,-0.98%
9/4/2018 0:00,146,146.93,143.61,146.34,51.91339,97.42165,,0.46%,,-1.41%
9/5/2018 0:00,143.65,144.13,136.5,139.97,42.76601,-12.2296,,-4.35%,,-6.72%
9/6/2018 0:00,139.96,140.46,132.35,134.13,36.42852,-90.51483,,-4.17%,,-5.44%
9/7/2018 0:00,131.66,141.18,130.6,140.64,46.02973,-55.77624,,4.85%,,-2.63%
9/10/2018 0:00,141.04,142.55,139.05,142.13,47.96675,7.599802,,1.06%,,-1.13%
9/11/2018 0:00,141.29,148.03,140.39,147.76,54.59755,80.12132,,3.96%,,-1.22%
9/12/2018 0:00,147.76,153.77,146.22,153.13,59.85278,169.7557,,3.63%,,-1.04%
9/13/2018 0:00,154,158.5,153.95,155.5,61.94625,214.0568,,1.55%,,0.54%
9/14/2018 0:00,156.99,158.9,153.56,154.77,60.89299,173.8828,,-0.47%,,-1.25%
9/17/2018 0:00,156.68,159.43,153.45,153.63,59.20016,129.363,,-0.74%,,-0.85%
9/18/2018 0:00,154.5,164.2,154.5,162.28,66.75278,143.175,,5.63%,,0.57%
9/19/2018 0:00,164,166.5,161.52,164.6,68.44023,141.1516,,1.43%,,-0.47%
9/20/2018 0:00,164.89,168.95,164.5,167.17,70.24203,132.1493,,1.56%,,-0.06%
9/21/2018 0:00,166.7,168.16,160.61,161.52,61.8781,89.99028,,-3.38%,,-3.92%
9/24/2018 0:00,159.43,165.33,157.4,162.18,62.44071,66.90861,,0.41%,,-2.55%
9/25/2018 0:00,163.63,165.14,159,161.11,60.87223,60.85639,,-0.66%,,-1.96%
9/26/2018 0:00,162.52,164.8,159.88,162,61.73328,59.97281,,0.55%,,-0.76%
9/27/2018 0:00,162.76,164.71,162.02,164.45,64.07683,66.19132,,1.51%,,0.01%
9/28/2018 0:00,164.19,167.79,163.06,164.46,64.0865,77.3818,,0.01%,,-0.85%
10/1/2018 0:00,165.53,166.86,162.51,163.42,62.21131,62.28064,,-0.63%,,-1.19%
10/2/2018 0:00,162.46,164,155.97,156.6,51.55753,-57.67173,,-4.17%,,-4.56%
10/3/2018 0:00,157.39,162.36,157.19,160.2,55.85505,-45.50466,,2.30%,,0.38%
10/4/2018 0:00,159.48,160.2,147.8,148.91,42.97804,-210.1826,,-7.05%,,-7.74%
10/5/2018 0:00,149.09,151.41,141.07,145.6,40.06194,-260.719,,-2.22%,,-5.26%
10/8/2018 0:00,142.92,145.53,138.09,140.49,36.00081,-215.4393,,-3.51%,,-5.16%
10/9/2018 0:00,140.16,143.18,138.76,140.22,35.79434,-157.1918,,-0.19%,,-1.23%
10/10/2018 0:00,139.64,139.95,128.01,130.1,29.06571,-166.5426,,-7.22%,,-8.71%
10/11/2018 0:00,127.51,133.98,126.68,128.39,28.10435,-145.3425,,-1.31%,,-2.63%
10/12/2018 0:00,135.01,136.97,130.25,135.2,37.03602,-96.81315,,5.30%,,1.45%
10/15/2018 0:00,135.1,137,132.09,135.7,37.64849,-78.69156,,0.37%,,-2.30%
10/16/2018 0:00,138.68,146.07,138.41,145.83,48.56483,-25.15667,,7.46%,,2.00%
10/17/2018 0:00,146,146.5,133.87,137.37,41.95803,-43.74883,,-5.80%,,-8.20%
10/18/2018 0:00,136.62,140.14,133.56,134.78,40.15691,-57.63412,,-1.89%,,-2.77%
10/19/2018 0:00,135.59,137.38,126.2,127.07,35.2992,-97.59518,,-5.72%,,-6.37%
10/22/2018 0:00,128.18,135.59,125.64,134.37,42.40349,-75.74187,,5.74%,,-1.13%
10/23/2018 0:00,128.34,133.2,126.71,132.16,40.93798,-80.68959,,-1.64%,,-5.70%
10/24/2018 0:00,133.1,134.6,122.05,122.27,35.0928,-127.5755,,-7.48%,,-7.65%
10/25/2018 0:00,131.89,138.34,128.5,136.99,47.18091,-1.843097,,12.04%,,5.10%
10/26/2018 0:00,129,138.34,128.45,132.95,44.7193,-17.14734,,-2.95%,,-6.23%
10/29/2018 0:00,136.83,137.68,125.08,128.5,42.11296,-62.96893,,-3.35%,,-5.92%
10/30/2018 0:00,125,132.36,122.8,129.14,42.63083,-95.76975,,0.50%,,-4.44%
10/31/2018 0:00,132.77,138.65,130.53,138.15,49.48267,44.57215,,6.98%,,1.08%
11/1/2018 0:00,138.77,145.09,135.67,144.35,53.59029,129.8233,,4.49%,,-1.80%
11/2/2018 0:00,144.35,148.92,142.26,145.55,54.36375,152.0876,,0.83%,,-1.45%
11/5/2018 0:00,143.95,145,139.76,141.03,50.92131,104.8223,,-3.11%,,-3.98%
11/6/2018 0:00,141.78,143.81,139,140.93,50.84459,89.6531,,-0.07%,,-1.44%
11/7/2018 0:00,144.1,149.5,143.14,148.19,56.02406,133.8963,,5.15%,,1.57%
11/8/2018 0:00,148.21,150.84,146.39,149.54,56.9328,125.2343,,0.91%,,-1.21%
11/9/2018 0:00,147.29,147.29,138.6,140.9,49.83497,47.66874,,-5.78%,,-7.32%
11/12/2018 0:00,139.29,139.31,130.9,135.54,46.0033,-30.47302,,-3.80%,,-7.10%
11/13/2018 0:00,136.5,140.54,134.17,138.78,48.57711,-12.90553,,2.39%,,-1.01%
11/14/2018 0:00,140.94,144.5,139.61,142.76,51.62732,37.83529,,2.87%,,0.60%
11/15/2018 0:00,142.52,151.27,141.5,150.09,56.71917,96.77792,,5.13%,,-0.88%
11/16/2018 0:00,146.92,151.51,145.13,151.02,57.33284,113.4821,,0.62%,,-3.30%
11/19/2018 0:00,150,151.21,133.59,133.75,44.66737,-56.2555,,-11.44%,,-11.54%
11/20/2018 0:00,124.58,136.42,122,134.35,45.12096,-193.8766,,0.45%,,-8.79%
11/21/2018 0:00,138.97,140.12,132.46,132.61,43.99462,-101.7101,,-1.30%,,-1.41%
11/23/2018 0:00,131.04,136.2,129.65,134.81,45.83566,-103.0784,,1.66%,,-2.23%
11/26/2018 0:00,137.88,144.52,137.48,144.44,53.10286,17.2574,,7.14%,,1.98%
11/27/2018 0:00,142,146.9,141.79,144.47,53.12396,43.70397,,0.02%,,-1.83%
11/28/2018 0:00,146.45,150.02,145.01,149.96,56.94189,93.81138,,3.80%,,0.37%
11/29/2018 0:00,150,151.46,146.25,149.04,56.11704,101.585,,-0.61%,,-2.47%
11/30/2018 0:00,149.03,152.89,147.8,152.66,58.65492,110.4425,,2.43%,,-0.83%
12/3/2018 0:00,156.18,159.1,154,156.39,61.14819,144.3576,,2.44%,,0.88%
12/4/2018 0:00,155,159.1,149.35,150.2,55.19917,90.65643,,-3.96%,,-4.50%
12/6/2018 0:00,143.09,157.27,142.3,156.9,59.76231,71.83906,,4.46%,,-5.26%
12/7/2018 0:00,156.98,159.9,145.2,146.88,51.34034,52.71371,,-6.39%,,-7.46%
12/10/2018 0:00,146.1,151.59,143.91,151.5,54.52264,36.35999,,3.15%,,-2.02%
12/11/2018 0:00,155.69,158.83,153.11,154.67,56.61903,90.59325,,2.09%,,1.06%
12/12/2018 0:00,157.99,163.77,157.44,160.09,60.01309,139.1441,,3.50%,,1.79%
12/13/2018 0:00,161,164.13,159.49,161.06,60.60711,140.3132,,0.61%,,-0.37%
12/14/2018 0:00,147.97,149.02,140,140.17,45.07673,-118.8565,,-12.97%,,-13.08%
12/17/2018 0:00,139.92,139.92,128.79,129.66,39.58135,-225.7734,,-7.50%,,-8.12%
12/18/2018 0:00,133.63,136.2,131.61,134.39,42.95211,-172.3985,,3.65%,,1.50%
12/19/2018 0:00,135,140.53,131.69,133.19,42.30724,-127.1232,,-0.89%,,-2.01%
12/20/2018 0:00,131.21,134.96,121.5,127.71,39.39818,-141.4685,,-4.11%,,-8.78%
12/21/2018 0:00,128.62,128.63,121.85,122.41,36.76516,-131.1634,,-4.15%,,-4.59%
12/24/2018 0:00,118.95,122.87,117.64,119.1,35.1837,-129.491,,-2.70%,,-3.90%
12/26/2018 0:00,121.38,130.55,121.38,130.21,43.90559,-74.42298,,9.33%,,1.91%
12/27/2018 0:00,126.44,132.6,125.04,132.4,45.46344,-52.41456,,1.68%,,-3.97%
12/28/2018 0:00,134.12,136.13,129.42,133.46,46.24167,-30.52248,,0.80%,,-2.25%
12/31/2018 0:00,136.02,140.53,135.07,138.45,49.86831,4.186141,,3.74%,,1.21%
1/2/2019 0:00,134,139.14,131.17,137.6,49.25871,-0.04320254,,-0.61%,,-5.26%
1/3/2019 0:00,134.75,136.26,129.48,129.79,43.94337,-22.05983,,-5.68%,,-5.90%
1/4/2019 0:00,134.51,139.5,133.16,138.06,50.08543,69.97252,,6.37%,,2.60%
1/7/2019 0:00,139.65,145.85,138.74,144.39,54.22014,160.1592,,4.58%,,0.49%
1/8/2019 0:00,147.6,149.82,144.01,145.44,54.88769,165.1789,,0.73%,,-0.26%
1/9/2019 0:00,146.5,150.33,144.4,148.62,56.93577,143.6524,,2.19%,,-0.72%
1/10/2019 0:00,146.31,149.97,144.58,148.27,56.63103,116.1174,,-0.24%,,-2.72%
1/11/2019 0:00,147.31,150,146.71,149.43,57.44401,107.5844,,0.78%,,-1.05%
1/14/2019 0:00,147.27,149.93,144.69,149.1,57.116,86.70592,,-0.22%,,-3.17%
1/15/2019 0:00,149.59,155.54,149.59,154.3,60.90443,115.8709,,3.49%,,0.33%
1/16/2019 0:00,155.7,158.59,153.3,158.25,63.53934,130.9869,,2.56%,,-0.65%
1/17/2019 0:00,156.6,159.98,155.82,157.69,62.89219,125.5354,,-0.35%,,-1.54%
1/18/2019 0:00,160,160.23,157.69,158.43,63.42234,123.035,,0.47%,,0.00%
1/22/2019 0:00,157.23,158.57,154.1,156.28,60.70849,88.63209,,-1.36%,,-2.73%
1/23/2019 0:00,158.1,160.2,154.48,156.6,60.97615,82.49998,,0.20%,,-1.15%
1/24/2019 0:00,156.63,159.4,156.25,158.41,62.53089,80.47495,,1.16%,,-0.22%
1/25/2019 0:00,160,163.64,159.79,162.82,66.07713,117.2494,,2.78%,,0.87%
1/28/2019 0:00,159.68,161.18,158.38,159.44,61.28926,77.28988,,-2.08%,,-2.73%
1/29/2019 0:00,159.97,160.5,154.52,157.11,58.16071,38.6821,,-1.46%,,-3.09%
1/30/2019 0:00,159.5,162.98,158,162.43,62.82657,93.64825,,3.39%,,0.57%
1/31/2019 0:00,162.47,169.6,161.92,168.47,67.28702,186.2899,,3.72%,,-0.31%
2/1/2019 0:00,168.35,171,167.51,170.59,68.70635,199.9938,,1.26%,,-0.57%
2/4/2019 0:00,170.62,174.65,170.26,173.55,70.62288,192.6751,,1.74%,,-0.19%
2/5/2019 0:00,174.02,176.88,173.36,173.57,70.63597,164.5406,,0.01%,,-0.11%
2/6/2019 0:00,172.37,174.5,170.7,173.6,70.65708,111.5841,,0.02%,,-1.65%
2/7/2019 0:00,171.28,174.18,171.09,171.8,67.52003,86.81966,,-1.04%,,-1.45%
2/8/2019 0:00,170.22,176.99,169.6,175.95,70.745,89.97055,,2.42%,,-1.28%
2/11/2019 0:00,177.89,180,172.94,173.17,66.0163,89.83699,,-1.58%,,-1.71%
2/12/2019 0:00,163.85,175.89,160.63,175.55,67.98901,34.05592,,1.37%,,-7.24%
2/13/2019 0:00,178.21,180,171.04,172.02,62.21997,68.75834,,-2.01%,,-2.57%
2/14/2019 0:00,170.77,177.24,169.56,176.52,66.16177,64.32934,,2.62%,,-1.43%
2/15/2019 0:00,177.1,178.72,173.71,178.19,67.5163,94.26772,,0.95%,,-1.59%
2/19/2019 0:00,177.04,185.07,177.04,181.3,69.9303,173.785,,1.75%,,-0.65%
2/20/2019 0:00,181.65,184.19,177.46,179.21,66.36122,153.6071,,-1.15%,,-2.12%
2/21/2019 0:00,179.64,180.36,177.18,178.47,65.09442,98.61572,,-0.41%,,-1.13%
2/22/2019 0:00,180,183.66,179.36,183.63,69.47075,148.1006,,2.89%,,0.50%
2/25/2019 0:00,185.82,188.76,184.48,187.5,72.27802,186.2435,,2.11%,,0.46%
2/26/2019 0:00,186.08,187.93,183.85,185.03,67.98137,127.5158,,-1.32%,,-1.95%
2/27/2019 0:00,184.98,189.26,184.8,189.2,71.10442,132.3692,,2.25%,,-0.12%
2/28/2019 0:00,188.28,191.13,187.49,189.15,71.01497,128.1529,,-0.03%,,-0.90%
3/1/2019 0:00,190.85,192.78,189.29,191.52,72.76384,128.9793,,1.25%,,0.07%
3/4/2019 0:00,192.38,194.8,182.37,186.47,63.91452,74.44761,,-2.64%,,-4.78%
3/5/2019 0:00,186.57,189.16,184.35,187.5,64.85339,53.68763,,0.55%,,-1.14%
3/6/2019 0:00,187.5,188.77,184.11,187.37,64.62484,42.28131,,-0.07%,,-1.81%
3/7/2019 0:00,186.51,190.38,184.8,186.94,63.82368,44.98013,,-0.23%,,-1.37%
3/8/2019 0:00,182.18,190,181,189.76,66.73616,29.4446,,1.51%,,-3.18%
3/11/2019 0:00,190.99,200.74,190.99,200.39,74.92964,241.0267,,5.60%,,0.65%
3/12/2019 0:00,201,203.79,197.05,202.47,76.16671,231.9758,,1.04%,,-1.67%
3/13/2019 0:00,203.5,206.95,202.36,205.51,77.88434,203.0533,,1.50%,,-0.05%
3/14/2019 0:00,203.57,209.59,203.39,208.23,79.32038,165.2442,,1.32%,,-1.03%
3/15/2019 0:00,208.87,209.41,203.62,205.98,74.98299,120.9644,,-1.08%,,-2.21%
3/18/2019 0:00,204.5,205.92,201.45,205.77,74.57314,85.19963,,-0.10%,,-2.20%
3/19/2019 0:00,207.7,208,197.65,202.09,67.59974,59.5616,,-1.79%,,-3.95%
3/20/2019 0:00,200.53,203.1,198.73,201.34,66.24023,40.05262,,-0.37%,,-1.66%
3/21/2019 0:00,200.73,205.2,198.82,205,69.46729,51.0152,,1.82%,,-1.25%
3/22/2019 0:00,204.4,204.69,198.61,198.75,59.08146,23.79484,,-3.05%,,-3.12%
3/25/2019 0:00,198.05,202.75,196.47,201.45,61.74247,11.49084,,1.36%,,-1.15%
3/26/2019 0:00,203.63,207.41,202.73,204.37,64.4361,65.68439,,1.45%,,0.64%
3/27/2019 0:00,205.66,205.72,196.61,200.08,57.97748,-14.91815,,-2.10%,,-3.80%
3/28/2019 0:00,200.83,203.75,197,203.45,61.26223,-35.38784,,1.68%,,-1.54%
3/29/2019 0:00,205.88,207.5,203.19,206.62,64.10456,84.7298,,1.56%,,-0.13%
4/1/2019 0:00,208.43,210.1,203.12,206.04,63.19097,89.71831,,-0.28%,,-1.69%
4/2/2019 0:00,205.85,206.05,198.45,201.46,56.36044,-42.03155,,-2.22%,,-3.68%
4/3/2019 0:00,201.74,205.8,198.89,205.12,60.07451,7.95038,,1.82%,,-1.28%
4/4/2019 0:00,204.54,205.01,190.38,194.75,47.68996,-192.5859,,-5.06%,,-7.19%
4/5/2019 0:00,195.6,198.02,194.89,196.65,49.7346,-161.8856,,0.98%,,0.07%
4/8/2019 0:00,196.65,200.89,195.32,200.24,53.43793,-78.95996,,1.83%,,-0.68%
4/9/2019 0:00,198.26,204.22,197.34,203.96,56.97525,7.235694,,1.86%,,-1.45%
4/10/2019 0:00,204.36,207.44,202.51,206.5,59.25154,100.6388,,1.25%,,-0.71%
4/11/2019 0:00,207.4,211.54,206.31,210.99,62.98012,160.5102,,2.17%,,-0.09%
4/12/2019 0:00,212.82,214.93,212.11,214.83,65.85749,191.5168,,1.82%,,0.53%
4/15/2019 0:00,214.75,219.9,213.62,218.03,68.08375,183.6844,,1.49%,,-0.56%
4/16/2019 0:00,219.78,221.82,213.61,215.4,64.36884,143.7073,,-1.21%,,-2.03%
4/17/2019 0:00,216.8,218.33,211.31,217.05,65.6357,103.684,,0.77%,,-1.90%
4/18/2019 0:00,217.13,220.78,213.13,220.72,68.33264,106.8875,,1.69%,,-1.81%
4/22/2019 0:00,220,225.99,219.17,224.29,70.73839,124.1628,,1.62%,,-0.70%
4/23/2019 0:00,226.3,227.39,222.1,223.44,69.3868,113.1993,,-0.38%,,-0.98%
4/24/2019 0:00,224.6,224.6,218.62,219.81,63.78192,75.80008,,-1.62%,,-2.16%
4/25/2019 0:00,220.69,222.19,216.62,218.97,62.52332,55.54633,,-0.38%,,-1.45%
4/26/2019 0:00,219,225.18,219,222.28,65.41907,77.07618,,1.51%,,0.01%
4/29/2019 0:00,225,228.74,223.53,225.79,68.22305,115.6058,,1.58%,,0.56%
4/30/2019 0:00,226.4,247.5,226.4,243.53,77.95314,234.6083,,7.86%,,0.27%
5/1/2019 0:00,242.85,252.3,237.39,245.16,78.60149,228.6477,,0.67%,,-2.52%
5/2/2019 0:00,245.88,260.82,245.5,255.54,82.19277,213.4034,,4.23%,,0.14%
5/3/2019 0:00,259,266.4,254.79,264.03,84.48618,181.8166,,3.32%,,-0.29%
5/6/2019 0:00,257.2,266.72,255.12,265.52,84.85484,139.1395,,0.56%,,-3.37%
5/7/2019 0:00,264.45,266.5,254.7,258.69,75.9459,104.0138,,-2.57%,,-4.08%
5/8/2019 0:00,258.7,264.62,257.51,261.51,77.01875,92.87751,,1.09%,,-0.46%
5/9/2019 0:00,258.56,261.36,254.12,260.62,75.86863,71.30357,,-0.34%,,-2.83%
5/10/2019 0:00,260.43,262.99,252.64,258.83,73.49165,60.49128,,-0.69%,,-3.06%
5/13/2019 0:00,247.91,253.06,245.62,250.79,63.81988,19.4452,,-3.11%,,-5.10%
5/14/2019 0:00,245,254.02,242.23,253.15,65.26491,11.47158,,0.94%,,-3.41%
5/15/2019 0:00,250.61,265.42,250.04,264.16,71.07008,60.72894,,4.35%,,-1.23%
5/16/2019 0:00,265.36,279.48,265.1,278.01,76.41087,149.835,,5.24%,,0.36%
5/17/2019 0:00,276.68,279.44,271.58,273.5,71.76484,155.6062,,-1.62%,,-2.31%
5/20/2019 0:00,270.03,273,264.74,267.19,65.74194,90.18649,,-2.31%,,-3.20%
5/21/2019 0:00,272.04,273.6,269.51,272.81,68.29419,110.9627,,2.10%,,0.87%
5/22/2019 0:00,271.71,280.95,271.39,279,70.86852,129.6035,,2.27%,,-0.52%
5/23/2019 0:00,275.01,277.98,268,271.62,64.17798,72.3225,,-2.65%,,-3.94%
5/24/2019 0:00,274.5,278.88,272.52,275.85,66.15053,84.33968,,1.56%,,0.33%
5/28/2019 0:00,278.25,285.96,278.25,282.43,69.0093,114.6672,,2.39%,,0.87%
5/29/2019 0:00,280,280.3,270.52,272.68,60.8135,51.07582,,-3.45%,,-4.22%
5/30/2019 0:00,275.1,277.82,270.8,277.05,62.93808,50.66864,,1.60%,,-0.69%
5/31/2019 0:00,272.97,278.97,272.16,274.9,61.1806,46.44197,,-0.78%,,-1.77%
6/3/2019 0:00,274.28,277.51,262.17,265,53.73925,-37.76535,,-3.60%,,-4.63%
6/4/2019 0:00,269,274.1,264.11,274,58.66172,-39.3602,,3.40%,,-0.34%
6/5/2019 0:00,277.22,292.86,277.12,292.52,66.5495,247.22,,6.76%,,1.14%
6/6/2019 0:00,291.84,299.11,289.01,297.06,68.15372,239.7095,,1.55%,,-1.20%
6/7/2019 0:00,298.18,309.37,298.18,305.05,70.80716,217.9994,,2.69%,,0.38%
6/10/2019 0:00,309.2,315.6,304.44,306.73,71.34775,181.0343,,0.55%,,-0.20%
6/11/2019 0:00,309.6,311.51,298.57,306.71,71.3308,123.5872,,-0.01%,,-2.66%
6/12/2019 0:00,304.53,312.7,302,310.14,72.53477,111.1433,,1.12%,,-1.54%
6/13/2019 0:00,312.78,314.1,305.64,306.99,69.64225,95.38572,,-1.02%,,-1.45%
6/14/2019 0:00,305.41,306.42,301.94,305.11,67.90187,64.00282,,-0.61%,,-1.65%
6/17/2019 0:00,304.45,307.88,303.05,305.85,68.23834,60.43649,,0.24%,,-0.68%
6/18/2019 0:00,309.42,311.38,303.74,304.21,66.57282,57.51867,,-0.54%,,-0.69%
6/19/2019 0:00,305.51,327.69,302.4,327.02,75.52162,108.2383,,7.50%,,-0.59%
6/20/2019 0:00,331.13,338.94,326,328.01,75.82414,160.0828,,0.30%,,-0.31%
6/21/2019 0:00,327.01,331.37,324.1,326.85,74.65987,146.627,,-0.35%,,-1.19%
6/24/2019 0:00,322.99,324.48,311.05,311.83,61.49334,54.62912,,-4.60%,,-4.83%
6/25/2019 0:00,306.99,309.63,281.75,284.04,45.50384,-148.8371,,-8.91%,,-9.65%
6/26/2019 0:00,289.02,295.52,281.69,289.03,48.11278,-165.4355,,1.76%,,-0.83%
6/27/2019 0:00,290.5,302.44,289.5,300.96,53.80658,-85.18481,,4.13%,,0.16%
6/28/2019 0:00,303.3,304.29,292.34,300.15,53.3783,-65.52758,,-0.27%,,-2.86%
7/1/2019 0:00,308.13,308.77,300.33,304.68,55.5111,-23.15528,,1.51%,,0.06%
7/2/2019 0:00,304.98,314.66,304.98,311.96,58.77502,18.69655,,2.39%,,0.10%
7/3/2019 0:00,310.89,318.34,310.28,313.33,59.37899,39.07407,,0.44%,,-0.54%
7/5/2019 0:00,311.01,313.93,303.41,313.72,59.56063,11.45399,,0.12%,,-3.17%
7/8/2019 0:00,314.44,329.8,312.96,321,62.89574,75.35584,,2.32%,,-0.24%
7/9/2019 0:00,322.41,324.43,319.5,321.98,63.33412,69.67547,,0.31%,,-0.47%
7/10/2019 0:00,324.5,326.99,318.51,319.01,60.98262,64.54089,,-0.92%,,-1.08%
7/11/2019 0:00,319,319.79,314.24,315,57.85904,42.72426,,-1.26%,,-1.50%
7/12/2019 0:00,315,315.78,302.57,310.02,54.14958,5.094264,,-1.58%,,-3.95%
7/15/2019 0:00,309.94,324.29,306.02,324.02,61.60248,67.88424,,4.52%,,-1.29%
7/16/2019 0:00,323.59,324.8,315.87,317.39,56.88662,70.17786,,-2.05%,,-2.52%
7/17/2019 0:00,319.32,336.95,319.03,325.32,60.75633,124.506,,2.50%,,0.52%
7/18/2019 0:00,325.81,333.26,322.61,331.15,63.36008,128.8338,,1.79%,,-0.83%
7/19/2019 0:00,333.15,339,329.68,330,62.47948,151.645,,-0.35%,,-0.44%
7/22/2019 0:00,331.92,340.84,331.51,335.24,64.875,156.2586,,1.59%,,0.46%
7/23/2019 0:00,337,338.96,328.6,330.22,60.86576,104.3172,,-1.50%,,-1.98%
7/24/2019 0:00,330.22,331.83,324.11,329.57,60.34574,53.04004,,-0.20%,,-1.85%
7/25/2019 0:00,330.91,338.74,327.75,333.34,62.35472,86.68562,,1.14%,,-0.55%
7/26/2019 0:00,332.94,338.97,332.32,336.54,64.02094,97.36644,,0.96%,,-0.31%
7/29/2019 0:00,337,337.03,313.53,319.71,51.18846,-24.85138,,-5.00%,,-6.84%
7/30/2019 0:00,314,322.34,310.36,314.3,47.86705,-90.54828,,-1.69%,,-2.92%
7/31/2019 0:00,316.51,320.98,310.36,317.88,50.17116,-83.86134,,1.14%,,-1.25%
8/1/2019 0:00,333.65,350.79,328.01,341.39,62.03712,124.2877,,7.40%,,3.19%
8/2/2019 0:00,341.23,341.23,322.67,332.19,56.37915,36.84417,,-2.69%,,-5.48%
8/5/2019 0:00,313.87,327.5,313.39,321.39,50.55066,-91.59854,,-3.25%,,-5.66%
8/6/2019 0:00,327.5,333.38,324.4,332.67,55.7017,12.77914,,3.51%,,0.94%
8/7/2019 0:00,330.5,342.83,328.53,341.31,59.20687,84.79801,,2.60%,,-1.24%
8/8/2019 0:00,344.01,358.58,342.34,357.81,64.91621,197.4828,,4.83%,,0.30%
8/9/2019 0:00,354.5,371.63,354.25,369.95,68.41848,227.1684,,3.39%,,-0.99%
8/12/2019 0:00,367.02,372.36,361.25,366.73,66.52165,171.4894,,-0.87%,,-2.35%
8/13/2019 0:00,364,370.7,355.33,369.23,67.28011,126.653,,0.68%,,-3.11%
8/14/2019 0:00,360.37,366.94,347.55,352.8,57.98287,69.54966,,-4.45%,,-5.87%
8/15/2019 0:00,355,359.5,347.68,351.07,57.08833,48.64273,,-0.49%,,-1.45%
8/16/2019 0:00,356.05,361.07,351.46,358.74,60.0324,57.08522,,2.18%,,0.11%
8/19/2019 0:00,363.74,365.91,359.11,361.83,61.18769,69.76661,,0.86%,,0.10%
8/20/2019 0:00,361.43,376.3,359.32,374.97,65.72486,98.7101,,3.63%,,-0.69%
8/21/2019 0:00,381.99,391.45,377.5,389.83,69.9965,154.9934,,3.96%,,0.67%
8/22/2019 0:00,391.84,392.83,380.02,388.54,69.19036,139.3732,,-0.33%,,-2.52%
8/23/2019 0:00,387,401.16,381.25,382.75,65.54171,132.8043,,-1.49%,,-1.88%
8/26/2019 0:00,388.61,397.96,384.12,395.96,69.49425,134.0189,,3.45%,,0.36%
8/27/2019 0:00,402.69,409.61,398.5,406.99,72.34652,154.8633,,2.79%,,0.64%
8/28/2019 0:00,406.98,407.88,390.82,394.8,65.10191,99.50597,,-3.00%,,-3.97%
8/29/2019 0:00,402.53,403,391.71,391.71,63.36963,75.95054,,-0.78%,,-0.78%
8/30/2019 0:00,393.62,394.44,371.73,385.39,59.86121,22.84026,,-1.61%,,-5.10%
9/3/2019 0:00,384,392.8,380.2,383.91,59.0369,25.65544,,-0.38%,,-1.35%
9/4/2019 0:00,389.97,391.49,382.5,386.49,60.06916,24.67082,,0.67%,,-0.37%
9/5/2019 0:00,387.7,393,380.38,392.72,62.52496,27.55471,,1.61%,,-1.58%
9/6/2019 0:00,393.49,395.75,380.14,380.42,55.29448,-13.80331,,-3.13%,,-3.20%
9/9/2019 0:00,384.02,384.02,350.33,358.67,45.31523,-228.0276,,-5.72%,,-7.91%
9/10/2019 0:00,352.51,355.31,335.09,337.24,38.03216,-308.2336,,-5.97%,,-6.57%
9/11/2019 0:00,338.4,350.7,336.1,347.51,42.77854,-184.1153,,3.05%,,-0.34%
9/12/2019 0:00,354.97,360.82,351.11,356.63,46.68391,-98.98002,,2.62%,,1.04%
9/13/2019 0:00,356.53,357.5,337.64,338.31,40.678,-114.6152,,-5.14%,,-5.32%
9/16/2019 0:00,328.51,343.45,324.51,337.93,40.56144,-117.6398,,-0.11%,,-4.08%
9/17/2019 0:00,324.36,334.73,323.43,328.82,37.76733,-116.0088,,-2.70%,,-4.29%
9/18/2019 0:00,331.07,331.89,317.55,325.85,36.87548,-110.0027,,-0.90%,,-3.43%
9/19/2019 0:00,328.34,331.85,321.22,325,36.60903,-94.70193,,-0.26%,,-1.42%
9/20/2019 0:00,324.99,330.9,312,318.82,34.64877,-97.89437,,-1.90%,,-4.00%
9/23/2019 0:00,317.78,325.47,310.71,313.26,32.93986,-100.8977,,-1.74%,,-2.54%
9/24/2019 0:00,313.56,315.84,287.57,295.47,28.15496,-141.8457,,-5.68%,,-8.20%
9/25/2019 0:00,292,315.83,286.07,314.6,38.50035,-111.1439,,6.47%,,-3.18%
9/26/2019 0:00,314.82,316.19,302.36,313.14,38.05003,-84.59,,-0.46%,,-3.89%
9/27/2019 0:00,314,316.4,301.71,305.69,35.75202,-87.60933,,-2.38%,,-3.65%
9/30/2019 0:00,305,316.49,302.03,311.66,38.9347,-66.8887,,1.95%,,-1.20%
10/1/2019 0:00,311.66,320,308.8,313.22,39.77426,-40.05488,,0.50%,,-0.92%
10/2/2019 0:00,309.64,311.17,300.7,310.36,38.72313,-68.23708,,-0.91%,,-4.00%
10/3/2019 0:00,311.44,326.6,304.18,325.57,46.77853,21.01921,,4.90%,,-1.99%
10/4/2019 0:00,327.47,330.45,320.1,327.2,47.57392,91.08138,,0.50%,,-1.68%
10/7/2019 0:00,326.82,331.57,322.16,326.32,47.1641,101.4202,,-0.27%,,-1.54%
10/8/2019 0:00,322.5,325.69,310.8,311.05,40.62458,11.51628,,-4.68%,,-4.76%
10/9/2019 0:00,313.5,316.71,311.67,313.85,42.20698,2.880109,,0.90%,,0.20%
10/10/2019 0:00,314.47,329.29,311.01,324.47,47.88056,85.02859,,3.38%,,-0.90%
10/11/2019 0:00,330.44,337.33,324.46,329.26,50.25274,144.7204,,1.48%,,0.00%
10/14/2019 0:00,328.99,346.03,328.67,344.3,56.88778,180.9656,,4.57%,,-0.18%
10/15/2019 0:00,347,349.44,343.7,346.08,57.60841,180.2977,,0.52%,,-0.17%
10/16/2019 0:00,342.01,343.65,322.24,323.64,46.95317,54.65401,,-6.48%,,-6.89%
10/17/2019 0:00,326,333.92,324,331.34,50.34689,45.27948,,2.38%,,0.11%
10/18/2019 0:00,332,335,312.13,314.34,43.69969,-30.90238,,-5.13%,,-5.80%
10/21/2019 0:00,317,326.56,311.61,319.73,46.12827,-45.54512,,1.71%,,-0.87%
10/22/2019 0:00,324,326.8,295.3,299.69,39.33453,-146.3604,,-6.27%,,-7.64%
10/23/2019 0:00,298.21,309.77,291.06,297.14,38.55639,-171.3369,,-0.85%,,-2.88%
10/24/2019 0:00,301.96,324.24,301.03,323.34,49.59073,-44.79572,,8.82%,,1.31%
10/25/2019 0:00,316.72,321.36,309.12,317.45,47.52447,-41.1864,,-1.82%,,-4.40%
10/28/2019 0:00,322.48,329.18,312.82,324.93,50.35354,-0.1103604,,2.36%,,-1.46%
10/29/2019 0:00,306.41,321.88,298.64,312.52,45.92936,-78.80435,,-3.82%,,-8.09%
10/30/2019 0:00,314.19,319.94,308.46,319.12,48.51995,-40.09445,,2.11%,,-1.30%
10/31/2019 0:00,316.56,319.85,308.74,313.57,46.5023,-46.28205,,-1.74%,,-3.25%
11/1/2019 0:00,316.25,322.08,312.87,316.76,47.84478,-14.48857,,1.02%,,-0.22%
11/4/2019 0:00,318.38,321,303.77,307.91,44.50787,-63.24992,,-2.79%,,-4.10%
11/5/2019 0:00,308.09,309.05,294.46,295.5,40.26684,-157.3335,,-4.03%,,-4.37%
11/6/2019 0:00,296.92,300.7,291.51,295.02,40.10765,-159.7029,,-0.16%,,-1.35%
11/7/2019 0:00,295.01,297.49,282.44,285.75,37.06045,-171.4299,,-3.14%,,-4.26%
11/8/2019 0:00,282.08,298.81,282.08,297.64,43.03829,-110.6006,,4.16%,,-1.28%
11/11/2019 0:00,296.04,305.2,293.46,303.32,45.69189,-45.86639,,1.91%,,-1.40%
11/12/2019 0:00,301.82,310.75,301.82,305.56,46.74553,-11.99532,,0.74%,,-0.49%
11/13/2019 0:00,305,314.84,302.64,314.31,50.76397,26.08284,,2.86%,,-0.96%
11/14/2019 0:00,314.32,319.89,309.36,312.45,49.90197,53.74739,,-0.59%,,-1.57%
11/15/2019 0:00,314.93,315.31,309.7,312.38,49.86765,51.64332,,-0.02%,,-0.88%
11/18/2019 0:00,312.73,325.83,310.35,322.98,54.92321,101.2117,,3.39%,,-0.65%
11/19/2019 0:00,324.51,325.78,314.51,316.28,51.39521,90.61681,,-2.07%,,-2.62%
11/20/2019 0:00,314.38,325.12,312,317.05,51.77857,79.86337,,0.24%,,-1.35%
11/21/2019 0:00,317.5,321.98,314.2,316.07,51.22481,74.82266,,-0.31%,,-0.90%
11/22/2019 0:00,318.76,320,309.73,314.52,50.30834,51.18372,,-0.49%,,-2.01%
11/25/2019 0:00,315.09,318.74,312.32,317.07,51.83506,54.04958,,0.81%,,-0.70%
11/26/2019 0:00,317.94,337.17,317.08,336.19,61.40903,149.3886,,6.03%,,0.00%
11/27/2019 0:00,338.43,342.65,330.08,341,63.38103,200.4075,,1.43%,,-1.82%
11/29/2019 0:00,339.9,344,335.51,336.75,60.44209,176.6412,,-1.25%,,-1.61%
