Date,Open,High,Low,Close,Moving Average 21,Moving Average 43
9/18/2019 14:11,299.73,299.78,299.53,299.56,,
9/18/2019 14:12,299.56,299.6,299.31,299.38,,
9/18/2019 14:13,299.37,299.69,299.31,299.59,,
9/18/2019 14:14,299.58,299.58,299.19,299.22,,
9/18/2019 14:15,299.22,299.33,298.7,298.85,,
9/18/2019 14:16,298.84,298.87,298.63,298.77,,
9/18/2019 14:17,298.77,298.87,298.58,298.82,,
9/18/2019 14:18,298.82,299.2,298.78,299.07,,
9/18/2019 14:19,299.06,299.12,298.96,299.07,,
9/18/2019 14:20,299.07,299.09,298.73,298.83,,
9/18/2019 14:21,298.83,298.83,298.53,298.57,,
9/18/2019 14:22,298.57,298.92,298.57,298.9,,
9/18/2019 14:23,298.9,299.03,298.86,298.99,,
9/18/2019 14:24,298.99,299,298.81,298.92,,
9/18/2019 14:25,298.94,298.95,298.81,298.84,,
9/18/2019 14:26,298.84,298.86,298.67,298.76,,
9/18/2019 14:27,298.76,298.88,298.7,298.73,,
9/18/2019 14:28,298.73,298.89,298.7,298.83,,
9/18/2019 14:29,298.83,298.88,298.77,298.79,,
9/18/2019 14:30,298.78,298.79,298.62,298.78,,
9/18/2019 14:31,298.78,298.81,298.5,298.56,298.9443,
9/18/2019 14:32,298.56,298.83,298.4,298.77,298.9067,
9/18/2019 14:33,298.77,298.77,298.49,298.57,298.8681,
9/18/2019 14:34,298.56,298.77,298.51,298.75,298.8281,
9/18/2019 14:35,298.75,299.03,298.62,298.97,298.8162,
9/18/2019 14:36,298.97,299,298.69,298.75,298.8114,
9/18/2019 14:37,298.75,298.91,298.5,298.87,298.8162,
9/18/2019 14:38,298.87,298.88,298.65,298.74,298.8124,
9/18/2019 14:39,298.73,298.77,298.53,298.54,298.7871,
9/18/2019 14:40,298.53,298.72,298.41,298.65,298.7672,
9/18/2019 14:41,298.65,298.78,298.51,298.62,298.7571,
9/18/2019 14:42,298.62,298.77,298.55,298.7,298.7633,
9/18/2019 14:43,298.68,299.03,298.62,298.98,298.7672,
9/18/2019 14:44,298.98,299,298.68,298.89,298.7624,
9/18/2019 14:45,298.89,298.93,298.76,298.93,298.7628,
9/18/2019 14:46,298.93,298.93,298.62,298.74,298.7581,
9/18/2019 14:47,298.74,298.79,298.37,298.56,298.7486,
9/18/2019 14:48,298.56,298.6,298.28,298.33,298.7295,
9/18/2019 14:49,298.32,298.42,298.24,298.35,298.7067,
9/18/2019 14:50,298.34,298.65,298.31,298.56,298.6957,
9/18/2019 14:51,298.56,298.81,298.5,298.79,298.6962,
9/18/2019 14:52,298.79,298.91,298.76,298.87,298.7109,
9/18/2019 14:53,298.87,299.11,298.85,299.02,298.7229,298.8321
9/18/2019 14:54,299.02,299.24,299.02,299.17,298.7514,298.823
9/18/2019 14:55,299.17,299.31,299.14,299.16,298.771,298.8179
9/18/2019 14:56,299.17,299.26,299.04,299.07,298.7757,298.8058
9/18/2019 14:57,299.07,299.14,299.01,299.11,298.7928,298.8033
9/18/2019 14:58,299.11,299.15,299.01,299.06,298.8019,298.8081
9/18/2019 14:59,299.06,299.09,298.98,298.98,298.8133,298.813
9/18/2019 15:00,298.98,299.07,298.95,299.07,298.8386,298.8188
9/18/2019 15:01,299.07,299.19,298.99,299.14,298.8619,298.8205
9/18/2019 15:02,299.12,299.14,299,299,298.88,298.8188
9/18/2019 15:03,299,299.04,298.82,299,298.8943,298.8228
9/18/2019 15:04,299.02,299.02,298.86,298.94,298.8924,298.8314
9/18/2019 15:05,298.94,299.12,298.94,299.04,298.8995,298.8347
9/18/2019 15:06,299.04,299.1,298.97,299.04,298.9048,298.8358
9/18/2019 15:07,299.05,299.08,299,299.08,298.921,298.8395
9/18/2019 15:08,299.07,299.28,299.07,299.26,298.9543,298.8493
9/18/2019 15:09,299.26,299.44,299.26,299.42,299.0062,298.8647
9/18/2019 15:10,299.42,299.43,299.32,299.39,299.0557,298.88
9/18/2019 15:11,299.39,299.53,299.39,299.52,299.1014,298.8961
9/18/2019 15:12,299.52,299.63,299.5,299.58,299.139,298.9144
9/18/2019 15:13,299.58,299.68,299.58,299.6,299.1738,298.9335
9/18/2019 15:14,299.6,299.62,299.54,299.55,299.199,298.9565
9/18/2019 15:15,299.55,299.56,299.47,299.55,299.2171,298.9746
9/18/2019 15:16,299.55,299.59,299.5,299.5,299.2333,298.9963
9/18/2019 15:17,299.5,299.66,299.49,299.64,299.2605,299.017
9/18/2019 15:18,299.64,299.78,299.63,299.71,299.2891,299.0342
9/18/2019 15:19,299.71,299.79,299.71,299.76,299.3224,299.0577
9/18/2019 15:20,299.76,299.88,299.75,299.85,299.3638,299.0805
9/18/2019 15:21,299.85,300,299.81,299.99,299.4076,299.1095
9/18/2019 15:22,299.99,300.01,299.84,299.84,299.4409,299.1398
9/18/2019 15:23,299.84,299.86,299.76,299.77,299.4776,299.1658
9/18/2019 15:24,299.77,299.79,299.7,299.73,299.5124,299.1916
9/18/2019 15:25,299.73,299.88,299.72,299.88,299.5571,299.2191
9/18/2019 15:26,299.88,299.96,299.86,299.94,299.6,299.2414
9/18/2019 15:27,299.94,300.07,299.92,299.98,299.6448,299.2668
9/18/2019 15:28,299.98,300.03,299.94,300.02,299.6895,299.2921
9/18/2019 15:29,300.02,300.07,299.92,299.93,299.7214,299.3198
9/18/2019 15:30,299.94,300.03,299.88,300.01,299.7495,299.3535
9/18/2019 15:31,300,300.1,300,300.08,299.7824,299.3942
9/18/2019 15:32,300.09,300.17,300.04,300.16,299.8129,299.4363
9/18/2019 15:33,300.16,300.45,300.16,300.42,299.8528,299.4795
9/18/2019 15:34,300.42,300.56,300.42,300.55,299.8981,299.5205
9/18/2019 15:35,300.55,300.83,300.54,300.81,299.9581,299.5656
9/18/2019 15:36,300.81,301,300.72,300.86,300.0205,299.6084
9/18/2019 15:37,300.86,300.9,300.68,300.69,300.0771,299.6437
9/18/2019 15:38,300.69,300.78,300.67,300.68,300.1267,299.6791
9/18/2019 15:39,300.68,300.89,300.68,300.8,300.1786,299.7193
9/18/2019 15:40,300.8,300.86,300.8,300.83,300.2295,299.7593
9/18/2019 15:41,300.84,300.94,300.83,300.9,300.2795,299.8021
9/18/2019 15:42,300.9,301.11,300.9,300.98,300.3267,299.8486
9/18/2019 15:43,300.97,300.98,300.77,300.87,300.3757,299.8905
9/18/2019 15:44,300.87,300.91,300.79,300.91,300.43,299.9316
9/18/2019 15:45,300.91,301.15,300.89,301.11,300.4957,299.9807
9/18/2019 15:46,301.11,301.22,300.94,300.94,300.5462,300.0258
9/18/2019 15:47,300.95,301.07,300.92,300.92,300.5929,300.0719
9/18/2019 15:48,300.92,300.96,300.88,300.9,300.6367,300.1151
9/18/2019 15:49,300.9,301.02,300.87,301.02,300.6843,300.1612
9/18/2019 15:50,301.02,301.12,301,301.08,300.739,300.2077
9/18/2019 15:51,301.07,301.12,300.89,300.97,300.7848,300.2474
9/18/2019 15:52,300.97,301,300.86,300.92,300.8248,300.2823
9/18/2019 15:53,300.92,300.94,300.8,300.84,300.8571,300.316
9/18/2019 15:54,300.83,300.89,300.78,300.85,300.8776,300.347
9/18/2019 15:55,300.86,300.93,300.82,300.93,300.8957,300.3784
9/18/2019 15:56,300.92,301.01,300.86,300.89,300.8995,300.4084
9/18/2019 15:57,300.89,301.02,300.86,301,300.9062,300.4421
9/18/2019 15:58,301,301.08,300.93,301.02,300.9219,300.4763
9/18/2019 15:59,301.02,301.05,300.96,301.02,300.9381,300.5116
9/18/2019 16:00,301.02,301.16,300.97,301.1,300.9524,300.5456
9/19/2019 9:31,301.5,301.66,301.48,301.62,300.99,300.59
9/19/2019 9:32,301.62,301.68,301.53,301.64,301.0252,300.6337
9/19/2019 9:33,301.64,301.96,301.64,301.9,301.0691,300.6814
9/19/2019 9:34,301.9,302.03,301.87,301.89,301.1176,300.7256
9/19/2019 9:35,301.89,302.03,301.86,301.92,301.1657,300.774
9/19/2019 9:36,301.94,301.98,301.86,301.89,301.2029,300.8232
9/19/2019 9:37,301.92,302.05,301.88,302.04,301.2552,300.877
9/19/2019 9:38,302.04,302.2,301.98,302.17,301.3148,300.9302
9/19/2019 9:39,302.17,302.19,301.97,302.04,301.369,300.9791
9/19/2019 9:40,302.05,302.1,301.99,302.02,301.4167,301.0265
9/19/2019 9:41,302.02,302.02,301.82,301.88,301.4548,301.0698
9/19/2019 9:42,301.89,301.95,301.83,301.86,301.4971,301.1147
9/19/2019 9:43,301.86,301.88,301.77,301.78,301.5381,301.1558
9/19/2019 9:44,301.78,301.86,301.76,301.86,301.5867,301.1972
9/19/2019 9:45,301.86,301.94,301.84,301.94,301.6386,301.2386
9/19/2019 9:46,301.94,301.99,301.83,301.86,301.6829,301.2721
9/19/2019 9:47,301.86,301.89,301.82,301.86,301.729,301.3026
9/19/2019 9:48,301.86,301.87,301.73,301.74,301.7643,301.3242
9/19/2019 9:49,301.74,301.81,301.67,301.8,301.8014,301.346
9/19/2019 9:50,301.8,301.83,301.74,301.8,301.8386,301.3719
9/19/2019 9:51,301.8,301.83,301.7,301.74,301.869,301.3965
9/19/2019 9:52,301.75,301.77,301.7,301.76,301.8757,301.4188
9/19/2019 9:53,301.76,301.81,301.75,301.78,301.8824,301.4409
9/19/2019 9:54,301.78,301.8,301.73,301.78,301.8767,301.4614
9/19/2019 9:55,301.78,301.84,301.74,301.82,301.8733,301.4809
9/19/2019 9:56,301.82,301.88,301.8,301.87,301.8709,301.5042
9/19/2019 9:57,301.88,301.98,301.88,301.95,301.8738,301.5284
9/19/2019 9:58,301.95,301.99,301.93,301.98,301.8709,301.5486
9/19/2019 9:59,301.98,301.99,301.93,301.98,301.8619,301.5728
9/19/2019 10:00,301.98,302,301.87,301.87,301.8538,301.5949
9/19/2019 10:01,301.88,302.04,301.87,302.01,301.8533,301.6207
9/19/2019 10:02,302.01,302.04,301.98,302.01,301.8595,301.6437
9/19/2019 10:03,302.01,302.1,302,302.09,301.8705,301.6672
9/19/2019 10:04,302.08,302.09,301.93,301.94,301.8781,301.6898
9/19/2019 10:05,301.94,302,301.92,301.98,301.8838,301.7144
9/19/2019 10:06,301.98,302.1,301.98,302.09,301.891,301.7435
9/19/2019 10:07,302.09,302.11,302.07,302.08,301.9014,301.7721
9/19/2019 10:08,302.08,302.1,302.01,302.01,301.9086,301.7972
9/19/2019 10:09,302.01,302.05,301.96,301.99,301.9205,301.8228
9/19/2019 10:10,301.99,302,301.95,301.98,301.929,301.8456
9/19/2019 10:11,301.98,302,301.92,301.96,301.9367,301.8674
9/19/2019 10:12,301.96,302,301.91,301.92,301.9453,301.8884
9/19/2019 10:13,301.92,301.94,301.86,301.91,301.9524,301.9072
9/19/2019 10:14,301.91,301.97,301.89,301.96,301.961,301.9151
9/19/2019 10:15,301.96,302.11,301.96,302.1,301.9762,301.9258
9/19/2019 10:16,302.1,302.18,302.08,302.15,301.9919,301.9316
9/19/2019 10:17,302.15,302.37,302.13,302.29,302.0119,301.9409
9/19/2019 10:18,302.3,302.35,302.24,302.26,302.0267,301.9489
9/19/2019 10:19,302.26,302.38,302.25,302.26,302.04,301.9574
9/19/2019 10:20,302.27,302.33,302.26,302.29,302.0548,301.9633
9/19/2019 10:21,302.29,302.38,302.28,302.29,302.0748,301.966
9/19/2019 10:22,302.29,302.31,302.26,302.26,302.0867,301.9712
9/19/2019 10:23,302.26,302.28,302.22,302.22,302.0967,301.9758
9/19/2019 10:24,302.22,302.27,302.22,302.26,302.1048,301.9846
9/19/2019 10:25,302.27,302.3,302.22,302.27,302.1205,301.9942
9/19/2019 10:26,302.27,302.3,302.23,302.25,302.1333,302.0051
9/19/2019 10:27,302.25,302.27,302.15,302.16,302.1367,302.0121
9/19/2019 10:28,302.16,302.26,302.15,302.26,302.1452,302.0195
9/19/2019 10:29,302.26,302.28,302.25,302.26,302.1571,302.0288
9/19/2019 10:30,302.25,302.28,302.22,302.22,302.1681,302.0372
9/19/2019 10:31,302.22,302.3,302.22,302.3,302.1833,302.0502
9/19/2019 10:32,302.3,302.32,302.27,302.31,302.2,302.0621
9/19/2019 10:33,302.31,302.43,302.31,302.42,302.2238,302.0765
9/19/2019 10:34,302.42,302.43,302.39,302.4,302.2471,302.0919
9/19/2019 10:35,302.4,302.5,302.4,302.48,302.2719,302.1086
9/19/2019 10:36,302.47,302.48,302.38,302.4,302.2862,302.123
9/19/2019 10:37,302.4,302.52,302.39,302.49,302.3024,302.1395
9/19/2019 10:38,302.48,302.5,302.41,302.42,302.3086,302.1535
9/19/2019 10:39,302.42,302.47,302.37,302.39,302.3148,302.1656
9/19/2019 10:40,302.4,302.45,302.37,302.41,302.3219,302.1763
9/19/2019 10:41,302.42,302.5,302.42,302.49,302.3314,302.1881
9/19/2019 10:42,302.49,302.51,302.45,302.47,302.34,302.1995
9/19/2019 10:43,302.47,302.47,302.41,302.44,302.3486,302.2128
9/19/2019 10:44,302.45,302.47,302.43,302.46,302.36,302.2233
9/19/2019 10:45,302.46,302.47,302.42,302.42,302.3676,302.2328
9/19/2019 10:46,302.42,302.42,302.32,302.34,302.3709,302.2386
9/19/2019 10:47,302.35,302.37,302.33,302.37,302.3767,302.2486
9/19/2019 10:48,302.37,302.45,302.37,302.44,302.39,302.2593
9/19/2019 10:49,302.44,302.45,302.42,302.45,302.399,302.2677
9/19/2019 10:50,302.45,302.45,302.39,302.43,302.4071,302.2758
9/19/2019 10:51,302.42,302.44,302.39,302.42,302.4167,302.2853
9/19/2019 10:52,302.42,302.43,302.39,302.39,302.421,302.2946
9/19/2019 10:53,302.39,302.43,302.39,302.4,302.4252,302.3044
9/19/2019 10:54,302.4,302.43,302.39,302.41,302.4248,302.3149
9/19/2019 10:55,302.41,302.44,302.41,302.44,302.4267,302.327
9/19/2019 10:56,302.44,302.44,302.38,302.39,302.4224,302.3381
9/19/2019 10:57,302.39,302.4,302.34,302.36,302.4205,302.3474
9/19/2019 10:58,302.36,302.37,302.31,302.32,302.4124,302.3526
9/19/2019 10:59,302.33,302.33,302.22,302.22,302.4029,302.3542
9/19/2019 11:00,302.22,302.24,302.13,302.18,302.3929,302.3516
9/19/2019 11:01,302.18,302.23,302.12,302.15,302.3805,302.3491
9/19/2019 11:02,302.15,302.17,302.09,302.1,302.3619,302.3453
9/19/2019 11:03,302.09,302.13,302.09,302.1,302.3443,302.3409
9/19/2019 11:04,302.1,302.11,302.04,302.08,302.3271,302.3361
9/19/2019 11:05,302.08,302.11,302.07,302.1,302.31,302.3323
9/19/2019 11:06,302.1,302.16,302.07,302.1,302.2948,302.3295
9/19/2019 11:07,302.1,302.16,302.1,302.13,302.2848,302.3265
9/19/2019 11:08,302.15,302.18,302.12,302.16,302.2747,302.3239
9/19/2019 11:09,302.16,302.17,302.13,302.15,302.261,302.3216
9/19/2019 11:10,302.15,302.18,302.14,302.18,302.2481,302.3221
9/19/2019 11:11,302.17,302.18,302.13,302.16,302.2352,302.3198
9/19/2019 11:12,302.15,302.17,302.13,302.16,302.2229,302.3174
9/19/2019 11:13,302.16,302.2,302.14,302.18,302.2129,302.3165
9/19/2019 11:14,302.17,302.17,302.14,302.14,302.2005,302.3128
9/19/2019 11:15,302.14,302.18,302.14,302.17,302.1891,302.3095
9/19/2019 11:16,302.18,302.19,302.14,302.15,302.1752,302.3033
9/19/2019 11:17,302.15,302.17,302.13,302.15,302.1638,302.2975
9/19/2019 11:18,302.15,302.23,302.14,302.22,302.1571,302.2914
9/19/2019 11:19,302.22,302.31,302.22,302.28,302.1552,302.2886
9/19/2019 11:20,302.28,302.35,302.28,302.34,302.1609,302.2851
9/19/2019 11:21,302.35,302.37,302.32,302.33,302.1681,302.283
9/19/2019 11:22,302.34,302.37,302.33,302.34,302.1772,302.2819
9/19/2019 11:23,302.34,302.36,302.32,302.33,302.1881,302.28
9/19/2019 11:24,302.32,302.38,302.32,302.35,302.2,302.2767
9/19/2019 11:25,302.35,302.41,302.35,302.37,302.2138,302.2744
9/19/2019 11:26,302.37,302.38,302.33,302.35,302.2257,302.2723
9/19/2019 11:27,302.34,302.36,302.27,302.36,302.2381,302.27
9/19/2019 11:28,302.36,302.36,302.31,302.35,302.2486,302.2684
9/19/2019 11:29,302.35,302.37,302.34,302.36,302.2581,302.2688
9/19/2019 11:30,302.36,302.36,302.33,302.35,302.2676,302.2684
9/19/2019 11:31,302.35,302.39,302.32,302.36,302.2762,302.2665
9/19/2019 11:32,302.37,302.46,302.36,302.43,302.289,302.2661
9/19/2019 11:33,302.43,302.45,302.41,302.43,302.3019,302.2661
9/19/2019 11:34,302.43,302.45,302.42,302.43,302.3138,302.2663
9/19/2019 11:35,302.43,302.5,302.42,302.48,302.33,302.2684
9/19/2019 11:36,302.48,302.5,302.46,302.47,302.3443,302.27
9/19/2019 11:37,302.48,302.56,302.44,302.55,302.3633,302.2733
9/19/2019 11:38,302.55,302.61,302.55,302.59,302.3843,302.2767
9/19/2019 11:39,302.59,302.63,302.59,302.62,302.4033,302.2821
9/19/2019 11:40,302.62,302.62,302.55,302.58,302.4176,302.2872
9/19/2019 11:41,302.58,302.58,302.54,302.54,302.4271,302.2923
9/19/2019 11:42,302.54,302.54,302.48,302.52,302.4362,302.2993
9/19/2019 11:43,302.51,302.51,302.42,302.43,302.4405,302.3051
9/19/2019 11:44,302.43,302.43,302.3,302.33,302.4405,302.3093
9/19/2019 11:45,302.32,302.33,302.27,302.28,302.4371,302.3135
9/19/2019 11:46,302.27,302.28,302.23,302.24,302.4309,302.3167
9/19/2019 11:47,302.24,302.25,302.22,302.24,302.4257,302.3205
9/19/2019 11:48,302.24,302.27,302.24,302.26,302.421,302.3242
9/19/2019 11:49,302.26,302.27,302.22,302.24,302.4157,302.3275
9/19/2019 11:50,302.24,302.24,302.22,302.23,302.4095,302.3298
9/19/2019 11:51,302.23,302.23,302.14,302.16,302.4005,302.3298
9/19/2019 11:52,302.16,302.16,302.12,302.14,302.39,302.3295
9/19/2019 11:53,302.14,302.2,302.13,302.2,302.3791,302.33
9/19/2019 11:54,302.2,302.21,302.14,302.16,302.3662,302.33
9/19/2019 11:55,302.16,302.2,302.16,302.16,302.3533,302.33
9/19/2019 11:56,302.16,302.18,302.15,302.16,302.3381,302.3295
9/19/2019 11:57,302.16,302.25,302.15,302.25,302.3276,302.3321
9/19/2019 11:58,302.25,302.29,302.24,302.29,302.3152,302.3349
9/19/2019 11:59,302.29,302.31,302.25,302.26,302.2995,302.3374
9/19/2019 12:00,302.27,302.3,302.26,302.28,302.2833,302.3405
9/19/2019 12:01,302.29,302.32,302.26,302.31,302.2705,302.3426
9/19/2019 12:02,302.31,302.38,302.31,302.33,302.2605,302.3437
9/19/2019 12:03,302.33,302.37,302.3,302.32,302.2509,302.3433
9/19/2019 12:04,302.32,302.33,302.29,302.32,302.2457,302.343
9/19/2019 12:05,302.32,302.35,302.3,302.35,302.2467,302.3433
9/19/2019 12:06,302.35,302.4,302.35,302.38,302.2514,302.3444
9/19/2019 12:07,302.37,302.38,302.35,302.36,302.2571,302.3446
9/19/2019 12:08,302.36,302.38,302.35,302.35,302.2624,302.3442
9/19/2019 12:09,302.35,302.35,302.3,302.35,302.2667,302.3442
9/19/2019 12:10,302.34,302.4,302.34,302.38,302.2733,302.3447
9/19/2019 12:11,302.38,302.4,302.33,302.35,302.2791,302.3447
9/19/2019 12:12,302.35,302.4,302.34,302.38,302.2895,302.3451
9/19/2019 12:13,302.38,302.41,302.37,302.39,302.3014,302.346
9/19/2019 12:14,302.39,302.39,302.36,302.37,302.3095,302.3463
9/19/2019 12:15,302.36,302.41,302.36,302.36,302.3191,302.3447
9/19/2019 12:16,302.37,302.37,302.31,302.32,302.3267,302.3421
9/19/2019 12:17,302.32,302.34,302.26,302.29,302.3329,302.3388
9/19/2019 12:18,302.29,302.29,302.18,302.21,302.331,302.3326
9/19/2019 12:19,302.21,302.21,302.17,302.2,302.3267,302.3263
9/19/2019 12:20,302.2,302.2,302.16,302.16,302.3219,302.3172
9/19/2019 12:21,302.16,302.19,302.12,302.14,302.3152,302.3067
9/19/2019 12:22,302.14,302.14,302.12,302.13,302.3067,302.2953
9/19/2019 12:23,302.12,302.13,302.09,302.12,302.2967,302.2847
9/19/2019 12:24,302.13,302.14,302.11,302.12,302.2871,302.2749
9/19/2019 12:25,302.13,302.13,302.08,302.1,302.2767,302.2651
9/19/2019 12:26,302.1,302.18,302.09,302.11,302.2652,302.2577
9/19/2019 12:27,302.11,302.13,302.08,302.08,302.2509,302.2519
9/19/2019 12:28,302.08,302.08,301.81,301.86,302.2271,302.2421
9/19/2019 12:29,301.86,301.88,301.72,301.73,302.1976,302.2302
9/19/2019 12:30,301.72,301.72,301.61,301.66,302.1648,302.2167
9/19/2019 12:31,301.65,301.74,301.55,301.73,302.1338,302.2044
9/19/2019 12:32,301.73,301.74,301.7,301.74,302.1048,302.1928
9/19/2019 12:33,301.73,301.82,301.73,301.78,302.0762,302.1823
9/19/2019 12:34,301.78,301.8,301.75,301.8,302.0481,302.174
9/19/2019 12:35,301.8,301.8,301.77,301.8,302.021,302.166
9/19/2019 12:36,301.79,301.81,301.73,301.79,301.9938,302.1565
9/19/2019 12:37,301.8,301.82,301.76,301.79,301.9686,302.1479
9/19/2019 12:38,301.79,301.88,301.78,301.87,301.9486,302.1412
9/19/2019 12:39,301.88,301.92,301.87,301.91,301.9343,302.1353
9/19/2019 12:40,301.91,301.96,301.9,301.94,301.9219,302.1281
9/19/2019 12:41,301.94,301.97,301.9,301.92,301.9105,302.1195
9/19/2019 12:42,301.91,301.95,301.9,301.94,301.9009,302.1121
9/19/2019 12:43,301.94,301.96,301.94,301.94,301.8919,302.1042
9/19/2019 12:44,301.95,301.98,301.94,301.96,301.8843,302.096
9/19/2019 12:45,301.96,301.99,301.95,301.96,301.8767,302.0874
9/19/2019 12:46,301.96,301.98,301.95,301.97,301.8705,302.0793
9/19/2019 12:47,301.97,302,301.97,301.98,301.8643,302.0714
9/19/2019 12:48,301.98,302.04,301.97,302.03,301.8619,302.064
9/19/2019 12:49,302.03,302.07,302.02,302.03,301.87,302.0558
9/19/2019 12:50,302.03,302.03,301.97,302,301.8828,302.0475
9/19/2019 12:51,302,302,301.99,302,301.899,302.0393
9/19/2019 12:52,302,302,301.92,301.93,301.9086,302.0295
9/19/2019 12:53,301.93,301.97,301.89,301.89,301.9157,302.0181
9/19/2019 12:54,301.89,301.89,301.85,301.87,301.92,302.007
9/19/2019 12:55,301.86,301.94,301.85,301.9,301.9248,301.9958
9/19/2019 12:56,301.91,301.97,301.9,301.97,301.9329,301.9861
9/19/2019 12:57,301.96,302.03,301.96,302,301.9429,301.9774
9/19/2019 12:58,302,302,301.97,301.98,301.9519,301.9686
9/19/2019 12:59,301.98,301.98,301.96,301.97,301.9567,301.9605
9/19/2019 13:00,301.97,301.97,301.9,301.9,301.9562,301.9514
9/19/2019 13:01,301.9,301.99,301.9,301.98,301.9581,301.946
9/19/2019 13:02,301.98,301.99,301.9,301.93,301.9586,301.9398
9/19/2019 13:03,301.93,301.99,301.93,301.98,301.9605,301.9356
9/19/2019 13:04,301.98,301.98,301.93,301.98,301.9624,301.9319
9/19/2019 13:05,301.98,302.05,301.95,302.04,301.9662,301.9298
9/19/2019 13:06,302.04,302.12,302.03,302.08,301.9719,301.9288
9/19/2019 13:07,302.08,302.08,301.95,301.95,301.9709,301.9249
9/19/2019 13:08,301.95,301.96,301.86,301.88,301.9662,301.9198
9/19/2019 13:09,301.88,301.94,301.87,301.88,301.959,301.9144
9/19/2019 13:10,301.88,301.88,301.79,301.79,301.9476,301.9077
9/19/2019 13:11,301.8,301.83,301.75,301.76,301.9362,301.9054
9/19/2019 13:12,301.75,301.84,301.75,301.82,301.9276,301.9074
9/19/2019 13:13,301.82,301.83,301.73,301.74,301.9186,301.9093
9/19/2019 13:14,301.74,301.75,301.66,301.67,301.9081,301.9079
9/19/2019 13:15,301.68,301.74,301.65,301.74,301.9019,301.9079
9/19/2019 13:16,301.74,301.86,301.74,301.83,301.8986,301.9091
9/19/2019 13:17,301.84,301.84,301.78,301.81,301.891,301.9093
9/19/2019 13:18,301.81,301.88,301.8,301.84,301.8833,301.9102
9/19/2019 13:19,301.84,301.91,301.84,301.89,301.8791,301.9126
9/19/2019 13:20,301.89,301.95,301.87,301.93,301.8771,301.9158
9/19/2019 13:21,301.93,301.93,301.87,301.87,301.8757,301.9158
9/19/2019 13:22,301.87,301.88,301.79,301.85,301.8695,301.9144
9/19/2019 13:23,301.86,301.9,301.84,301.88,301.8672,301.913
9/19/2019 13:24,301.88,301.93,301.87,301.89,301.8629,301.9123
9/19/2019 13:25,301.89,301.94,301.89,301.9,301.859,301.9114
9/19/2019 13:26,301.9,301.92,301.84,301.84,301.8495,301.9091
9/19/2019 13:27,301.84,301.86,301.81,301.86,301.8391,301.9067
9/19/2019 13:28,301.86,301.9,301.85,301.88,301.8357,301.9049
9/19/2019 13:29,301.88,301.89,301.86,301.89,301.8362,301.903
9/19/2019 13:30,301.89,301.91,301.79,301.8,301.8324,301.8988
9/19/2019 13:31,301.8,301.86,301.31,301.33,301.8105,301.8826
9/19/2019 13:32,301.33,301.55,301.32,301.45,301.7957,301.8691
9/19/2019 13:33,301.45,301.51,301.4,301.51,301.7809,301.8577
9/19/2019 13:34,301.52,301.58,301.43,301.53,301.771,301.8467
9/19/2019 13:35,301.53,301.62,301.5,301.61,301.7681,301.8393
9/19/2019 13:36,301.62,301.62,301.56,301.6,301.7614,301.8326
9/19/2019 13:37,301.59,301.69,301.52,301.64,301.7524,301.8272
9/19/2019 13:38,301.64,301.69,301.57,301.64,301.7443,301.8212
9/19/2019 13:39,301.65,301.66,301.51,301.52,301.729,301.8107
9/19/2019 13:40,301.52,301.58,301.43,301.55,301.7129,301.8002
9/19/2019 13:41,301.55,301.61,301.4,301.41,301.6881,301.787
9/19/2019 13:42,301.41,301.47,301.4,301.42,301.6667,301.7742
9/19/2019 13:43,301.43,301.48,301.23,301.24,301.6376,301.7589
9/19/2019 13:44,301.24,301.45,301.17,301.42,301.6157,301.7458
9/19/2019 13:45,301.42,301.47,301.39,301.46,301.5952,301.7349
9/19/2019 13:46,301.45,301.57,301.44,301.55,301.5786,301.7249
9/19/2019 13:47,301.55,301.59,301.55,301.57,301.5657,301.7154
9/19/2019 13:48,301.57,301.59,301.53,301.58,301.5524,301.7047
9/19/2019 13:49,301.58,301.58,301.54,301.56,301.5371,301.6926
9/19/2019 13:50,301.56,301.66,301.55,301.64,301.5252,301.6854
9/19/2019 13:51,301.64,301.65,301.57,301.63,301.5172,301.6795
9/19/2019 13:52,301.64,301.76,301.63,301.73,301.5362,301.6761
9/19/2019 13:53,301.73,301.75,301.69,301.7,301.5481,301.674
9/19/2019 13:54,301.7,301.78,301.7,301.76,301.56,301.674
9/19/2019 13:55,301.77,301.82,301.76,301.77,301.5714,301.6728
9/19/2019 13:56,301.76,301.77,301.71,301.74,301.5776,301.6728
9/19/2019 13:57,301.74,301.74,301.69,301.71,301.5829,301.6737
9/19/2019 13:58,301.72,301.75,301.71,301.73,301.5872,301.6735
9/19/2019 13:59,301.73,301.79,301.73,301.76,301.5929,301.6719
9/19/2019 14:00,301.76,301.79,301.75,301.78,301.6052,301.6712
9/19/2019 14:01,301.77,301.8,301.76,301.79,301.6167,301.67
9/19/2019 14:02,301.79,301.85,301.79,301.85,301.6376,301.6691
9/19/2019 14:03,301.84,301.84,301.76,301.81,301.6562,301.6663
9/19/2019 14:04,301.82,301.83,301.8,301.82,301.6838,301.6651
9/19/2019 14:05,301.82,301.83,301.71,301.77,301.7005,301.6633
9/19/2019 14:06,301.77,301.77,301.7,301.71,301.7124,301.6593
9/19/2019 14:07,301.71,301.72,301.68,301.7,301.7195,301.6549
9/19/2019 14:08,301.71,301.74,301.68,301.73,301.7271,301.6509
9/19/2019 14:09,301.72,301.73,301.7,301.71,301.7333,301.6479
9/19/2019 14:10,301.71,301.77,301.71,301.77,301.7433,301.6458
9/19/2019 14:11,301.77,301.77,301.71,301.72,301.7471,301.6421
9/19/2019 14:12,301.72,301.8,301.72,301.78,301.7543,301.6395
9/19/2019 14:13,301.78,301.8,301.09,301.76,301.7557,301.6386
9/19/2019 14:14,301.75,301.78,301.74,301.76,301.7586,301.6486
9/19/2019 14:15,301.78,301.8,301.77,301.8,301.7605,301.6567
9/19/2019 14:16,301.8,301.82,301.77,301.77,301.7605,301.6628
9/19/2019 14:17,301.77,301.77,301.74,301.77,301.7619,301.6684
9/19/2019 14:18,301.77,301.8,301.77,301.78,301.7652,301.6723
9/19/2019 14:19,301.78,301.81,301.77,301.8,301.7686,301.677
9/19/2019 14:20,301.8,301.82,301.79,301.81,301.771,301.6809
9/19/2019 14:21,301.81,301.88,301.81,301.85,301.7743,301.6858
9/19/2019 14:22,301.86,301.87,301.81,301.81,301.7752,301.6926
9/19/2019 14:23,301.81,301.82,301.73,301.74,301.77,301.697
9/19/2019 14:24,301.74,301.76,301.66,301.66,301.7628,301.7028
9/19/2019 14:25,301.66,301.73,301.63,301.73,301.7586,301.71
9/19/2019 14:26,301.73,301.75,301.67,301.67,301.7538,301.72
9/19/2019 14:27,301.67,301.71,301.63,301.69,301.7529,301.7263
9/19/2019 14:28,301.7,301.72,301.68,301.69,301.7524,301.7316
9/19/2019 14:29,301.7,301.7,301.61,301.68,301.75,301.7346
9/19/2019 14:30,301.68,301.72,301.66,301.7,301.7495,301.7377
9/19/2019 14:31,301.7,301.7,301.64,301.66,301.7443,301.7395
9/19/2019 14:32,301.66,301.68,301.58,301.61,301.739,301.7407
9/19/2019 14:33,301.61,301.64,301.54,301.56,301.7286,301.7388
9/19/2019 14:34,301.56,301.56,301.51,301.54,301.7181,301.7368
9/19/2019 14:35,301.54,301.6,301.54,301.58,301.7095,301.7332
9/19/2019 14:36,301.58,301.63,301.52,301.52,301.6962,301.7291
9/19/2019 14:37,301.52,301.52,301.43,301.46,301.6814,301.7221
9/19/2019 14:38,301.46,301.53,301.45,301.5,301.6686,301.7158
9/19/2019 14:39,301.5,301.54,301.5,301.51,301.6557,301.7105
9/19/2019 14:40,301.52,301.53,301.48,301.53,301.6429,301.7063
9/19/2019 14:41,301.53,301.56,301.46,301.56,301.631,301.7023
9/19/2019 14:42,301.56,301.6,301.53,301.58,301.6181,301.6982
9/19/2019 14:43,301.58,301.58,301.51,301.56,301.6062,301.693
9/19/2019 14:44,301.56,301.63,301.54,301.62,301.6005,301.6891
9/19/2019 14:45,301.63,301.63,301.55,301.55,301.5952,301.6821
9/19/2019 14:46,301.55,301.56,301.36,301.39,301.579,301.6723
9/19/2019 14:47,301.39,301.48,301.37,301.47,301.5695,301.6642
9/19/2019 14:48,301.46,301.48,301.38,301.44,301.5576,301.6565
9/19/2019 14:49,301.44,301.45,301.41,301.45,301.5462,301.6505
9/19/2019 14:50,301.45,301.52,301.44,301.51,301.5381,301.6461
9/19/2019 14:51,301.51,301.59,301.5,301.52,301.5295,301.6412
9/19/2019 14:52,301.52,301.58,301.52,301.56,301.5247,301.6377
9/19/2019 14:53,301.56,301.62,301.55,301.58,301.5233,301.6332
9/19/2019 14:54,301.58,301.62,301.56,301.56,301.5233,301.6295
9/19/2019 14:55,301.56,301.59,301.55,301.56,301.5243,301.6244
9/19/2019 14:56,301.56,301.58,301.49,301.51,301.521,301.6186
9/19/2019 14:57,301.5,301.61,301.46,301.58,301.5238,301.6144
9/19/2019 14:58,301.58,301.58,301.47,301.5,301.5257,301.6075
9/19/2019 14:59,301.5,301.52,301.48,301.51,301.5262,301.6014
9/19/2019 15:00,301.51,301.55,301.5,301.54,301.5276,301.596
9/19/2019 15:01,301.54,301.58,301.48,301.56,301.5291,301.5909
9/19/2019 15:02,301.56,301.58,301.51,301.52,301.5271,301.5844
9/19/2019 15:03,301.52,301.66,301.52,301.64,301.53,301.5805
9/19/2019 15:04,301.64,301.64,301.55,301.55,301.5295,301.5735
9/19/2019 15:05,301.54,301.58,301.38,301.48,301.5229,301.5658
9/19/2019 15:06,301.48,301.49,301.38,301.44,301.5176,301.5588
9/19/2019 15:07,301.44,301.5,301.38,301.41,301.5186,301.553
9/19/2019 15:08,301.4,301.45,301.38,301.42,301.5162,301.5458
9/19/2019 15:09,301.42,301.44,301.36,301.4,301.5143,301.5395
9/19/2019 15:10,301.4,301.49,301.39,301.47,301.5152,301.5344
9/19/2019 15:11,301.47,301.53,301.46,301.52,301.5157,301.5305
9/19/2019 15:12,301.52,301.52,301.4,301.4,301.51,301.524
9/19/2019 15:13,301.4,301.41,301.31,301.35,301.5,301.5158
9/19/2019 15:14,301.35,301.43,301.34,301.4,301.4914,301.5098
9/19/2019 15:15,301.4,301.42,301.09,301.38,301.4828,301.5044
9/19/2019 15:16,301.38,301.44,301.32,301.42,301.4762,301.5012
9/19/2019 15:17,301.43,301.45,301.42,301.45,301.4733,301.4991
9/19/2019 15:18,301.45,301.48,301.44,301.46,301.4676,301.4963
9/19/2019 15:19,301.46,301.47,301.39,301.39,301.4624,301.4933
9/19/2019 15:20,301.39,301.45,301.39,301.44,301.459,301.4928
9/19/2019 15:21,301.44,301.54,301.42,301.52,301.4581,301.4933
9/19/2019 15:22,301.51,301.52,301.46,301.5,301.4552,301.493
9/19/2019 15:23,301.5,301.6,301.5,301.59,301.4586,301.4944
9/19/2019 15:24,301.6,301.64,301.58,301.62,301.4576,301.4958
9/19/2019 15:25,301.62,301.63,301.6,301.61,301.4605,301.4965
9/19/2019 15:26,301.6,301.63,301.58,301.61,301.4667,301.4977
9/19/2019 15:27,301.61,301.65,301.59,301.64,301.4762,301.4981
9/19/2019 15:28,301.64,301.66,301.61,301.63,301.4867,301.5
9/19/2019 15:29,301.63,301.65,301.58,301.59,301.4948,301.5046
9/19/2019 15:30,301.59,301.6,301.46,301.49,301.4991,301.5051
9/19/2019 15:31,301.49,301.49,301.31,301.38,301.4948,301.5037
9/19/2019 15:32,301.38,301.38,301.26,301.32,301.4852,301.5007
9/19/2019 15:33,301.32,301.32,301.04,301.12,301.4719,301.4916
9/19/2019 15:34,301.12,301.14,301.01,301.04,301.4572,301.4805
9/19/2019 15:35,301.04,301.1,300.99,301.02,301.4391,301.4679
9/19/2019 15:36,301.02,301.08,300.94,301.02,301.4219,301.4549
9/19/2019 15:37,301.02,301.14,301.02,301.11,301.4071,301.4444
9/19/2019 15:38,301.11,301.23,301.09,301.21,301.3957,301.4363
9/19/2019 15:39,301.22,301.32,301.19,301.28,301.3871,301.4309
9/19/2019 15:40,301.28,301.34,301.24,301.33,301.3843,301.4251
9/19/2019 15:41,301.32,301.35,301.3,301.32,301.3786,301.4209
9/19/2019 15:42,301.32,301.4,301.31,301.34,301.37,301.417
9/19/2019 15:43,301.34,301.34,301.28,301.28,301.3595,301.4109
9/19/2019 15:44,301.28,301.34,301.23,301.29,301.3452,301.4047
9/19/2019 15:45,301.29,301.31,301.25,301.29,301.3295,301.3993
9/19/2019 15:46,301.29,301.3,301.13,301.24,301.3119,301.39
9/19/2019 15:47,301.23,301.26,301.15,301.16,301.2905,301.3809
9/19/2019 15:48,301.16,301.17,301.1,301.14,301.2667,301.373
9/19/2019 15:49,301.14,301.19,301.11,301.11,301.2419,301.3654
9/19/2019 15:50,301.11,301.11,300.9,300.97,301.2124,301.3551
9/19/2019 15:51,300.98,300.98,300.84,300.85,301.1819,301.3419
9/19/2019 15:52,300.86,300.87,300.76,300.79,301.1538,301.3277
9/19/2019 15:53,300.79,300.81,300.75,300.79,301.1286,301.3119
9/19/2019 15:54,300.79,300.85,300.71,300.84,301.1152,301.2961
9/19/2019 15:55,300.84,300.97,300.77,300.95,301.111,301.2856
9/19/2019 15:56,300.95,301.14,300.95,301.13,301.1162,301.2805
9/19/2019 15:57,301.13,301.16,301.08,301.12,301.1209,301.274
9/19/2019 15:58,301.12,301.13,300.98,301.02,301.1167,301.2656
9/19/2019 15:59,301.02,301.11,301.02,301.08,301.1105,301.2577
9/19/2019 16:00,301.08,301.31,300.96,301.06,301.1,301.2486
9/20/2019 9:31,300.34,300.49,300.08,300.39,301.0552,301.2237
9/20/2019 9:32,300.4,300.44,300.35,300.36,301.0095,301.1998
9/20/2019 9:33,300.38,300.48,300.36,300.45,300.9671,301.1768
9/20/2019 9:34,300.45,300.53,300.42,300.46,300.9281,301.1521
9/20/2019 9:35,300.47,300.55,300.43,300.48,300.8895,301.1284
9/20/2019 9:36,300.49,300.51,300.38,300.39,300.8467,301.1005
9/20/2019 9:37,300.39,300.4,300.28,300.37,300.8052,301.0714
9/20/2019 9:38,300.37,300.45,300.32,300.44,300.771,301.0442
9/20/2019 9:39,300.44,300.57,300.41,300.52,300.7414,301.0188
9/20/2019 9:40,300.53,300.63,300.52,300.61,300.7176,300.9949
9/20/2019 9:41,300.62,300.64,300.53,300.6,300.7,300.9709
9/20/2019 9:42,300.6,300.64,300.58,300.61,300.6886,300.9482
9/20/2019 9:43,300.61,300.67,300.57,300.58,300.6786,300.927
9/20/2019 9:44,300.58,300.58,300.51,300.55,300.6671,300.9077
9/20/2019 9:45,300.56,300.6,300.5,300.54,300.6529,300.8895
9/20/2019 9:46,300.54,300.6,300.52,300.53,300.6328,300.8758
9/20/2019 9:47,300.53,300.53,300.38,300.41,300.5986,300.8612
9/20/2019 9:48,300.42,300.45,300.4,300.42,300.5652,300.8472
9/20/2019 9:49,300.42,300.43,300.34,300.35,300.5333,300.8316
9/20/2019 9:50,300.35,300.4,300.32,300.32,300.4971,300.8133
9/20/2019 9:51,300.32,300.35,300.31,300.32,300.4619,300.7926
9/20/2019 9:52,300.33,300.38,300.3,300.32,300.4586,300.7702
9/20/2019 9:53,300.32,300.38,300.31,300.35,300.4581,300.7474
9/20/2019 9:54,300.36,300.44,300.34,300.42,300.4567,300.7265
9/20/2019 9:55,300.43,300.47,300.41,300.42,300.4548,300.7051
9/20/2019 9:56,300.42,300.46,300.37,300.4,300.451,300.6847
9/20/2019 9:57,300.4,300.43,300.34,300.34,300.4486,300.6626
9/20/2019 9:58,300.34,300.42,300.34,300.38,300.449,300.6414
9/20/2019 9:59,300.39,300.44,300.38,300.44,300.449,300.6228
9/20/2019 10:00,300.44,300.44,300.26,300.26,300.4367,300.6019
9/20/2019 10:01,300.26,300.34,300.24,300.32,300.4229,300.5828
9/20/2019 10:02,300.32,300.36,300.32,300.35,300.4109,300.5651
9/20/2019 10:03,300.35,300.43,300.34,300.42,300.4019,300.5523
9/20/2019 10:04,300.42,300.43,300.32,300.36,300.3914,300.5409
9/20/2019 10:05,300.36,300.46,300.33,300.38,300.3833,300.5314
9/20/2019 10:06,300.39,300.42,300.28,300.28,300.371,300.5195
9/20/2019 10:07,300.27,300.37,300.25,300.36,300.3629,300.5084
9/20/2019 10:08,300.36,300.53,300.36,300.53,300.3686,300.4986
9/20/2019 10:09,300.53,300.58,300.51,300.52,300.3733,300.4844
9/20/2019 10:10,300.52,300.54,300.5,300.53,300.3819,300.4707
9/20/2019 10:11,300.53,300.61,300.52,300.6,300.3952,300.4609
9/20/2019 10:12,300.6,300.64,300.55,300.6,300.4086,300.4498
9/20/2019 10:13,300.6,300.62,300.54,300.54,300.419,300.4377
9/20/2019 10:14,300.55,300.56,300.46,300.48,300.4252,300.4398
9/20/2019 10:15,300.48,300.52,300.27,300.32,300.4205,300.4388
9/20/2019 10:16,300.32,300.38,300.23,300.29,300.4143,300.4351
9/20/2019 10:17,300.29,300.42,300.29,300.39,300.4138,300.4335
9/20/2019 10:18,300.4,300.44,300.39,300.41,300.4171,300.4319
9/20/2019 10:19,300.41,300.53,300.41,300.51,300.4233,300.4347
9/20/2019 10:20,300.52,300.54,300.46,300.52,300.4272,300.4381
9/20/2019 10:21,300.51,300.55,300.47,300.5,300.4386,300.4395
9/20/2019 10:22,300.5,300.52,300.48,300.48,300.4462,300.4386
9/20/2019 10:23,300.48,300.5,300.41,300.45,300.451,300.4349
9/20/2019 10:24,300.45,300.49,300.44,300.45,300.4524,300.4314
9/20/2019 10:25,300.45,300.51,300.42,300.48,300.4581,300.4284
9/20/2019 10:26,300.48,300.51,300.47,300.5,300.4638,300.4265
9/20/2019 10:27,300.5,300.57,300.5,300.55,300.4767,300.4265
9/20/2019 10:28,300.55,300.58,300.51,300.51,300.4838,300.4258
9/20/2019 10:29,300.51,300.53,300.49,300.49,300.4819,300.4249
9/20/2019 10:30,300.49,300.49,300.46,300.49,300.4805,300.4268
9/20/2019 10:31,300.5,300.62,300.49,300.57,300.4824,300.4302
9/20/2019 10:32,300.57,300.6,300.54,300.56,300.4805,300.4351
9/20/2019 10:33,300.57,300.58,300.49,300.55,300.4781,300.4405
9/20/2019 10:34,300.55,300.58,300.53,300.55,300.4786,300.4458
9/20/2019 10:35,300.55,300.55,300.38,300.42,300.4757,300.4482
9/20/2019 10:36,300.42,300.46,300.4,300.41,300.48,300.4495
9/20/2019 10:37,300.42,300.48,300.42,300.45,300.4876,300.4502
9/20/2019 10:38,300.46,300.46,300.39,300.4,300.4881,300.4498
9/20/2019 10:39,300.4,300.44,300.39,300.39,300.4872,300.4495
9/20/2019 10:40,300.39,300.4,300.26,300.28,300.4762,300.4482
9/20/2019 10:41,300.28,300.33,300.19,300.21,300.4614,300.4442
9/20/2019 10:42,300.21,300.25,300.2,300.24,300.449,300.4395
9/20/2019 10:43,300.24,300.24,300.2,300.22,300.4367,300.4386
9/20/2019 10:44,300.22,300.26,300.21,300.22,300.4257,300.4363
9/20/2019 10:45,300.22,300.23,300.16,300.21,300.4143,300.433
9/20/2019 10:46,300.21,300.25,300.19,300.23,300.4024,300.4286
9/20/2019 10:47,300.23,300.26,300.21,300.24,300.39,300.4258
9/20/2019 10:48,300.25,300.27,300.19,300.26,300.3762,300.423
9/20/2019 10:49,300.27,300.36,300.27,300.27,300.3647,300.4228
9/20/2019 10:50,300.26,300.28,300.23,300.25,300.3533,300.4202
9/20/2019 10:51,300.23,300.27,300.23,300.26,300.3424,300.4139
9/20/2019 10:52,300.26,300.27,300.17,300.21,300.3252,300.4067
9/20/2019 10:53,300.21,300.21,300.1,300.14,300.3052,300.3977
9/20/2019 10:54,300.14,300.16,300.09,300.09,300.2833,300.3858
9/20/2019 10:55,300.09,300.15,300.09,300.13,300.2633,300.3749
9/20/2019 10:56,300.13,300.14,300.1,300.14,300.25,300.3656
9/20/2019 10:57,300.14,300.17,300.13,300.14,300.2372,300.3577
9/20/2019 10:58,300.14,300.15,300.08,300.12,300.2214,300.353
9/20/2019 10:59,300.11,300.12,300.08,300.12,300.2081,300.3491
9/20/2019 11:00,300.12,300.26,300.12,300.23,300.2005,300.3453
9/20/2019 11:01,300.23,300.23,300.14,300.16,300.1948,300.3395
9/20/2019 11:02,300.16,300.22,300.14,300.2,300.1943,300.3323
9/20/2019 11:03,300.2,300.24,300.12,300.14,300.1895,300.3235
9/20/2019 11:04,300.13,300.19,300.12,300.18,300.1876,300.316
9/20/2019 11:05,300.17,300.18,300.13,300.13,300.1833,300.3079
9/20/2019 11:06,300.13,300.14,300.1,300.12,300.179,300.3002
9/20/2019 11:07,300.12,300.21,300.09,300.21,300.1781,300.2946
9/20/2019 11:08,300.2,300.26,300.17,300.24,300.1781,300.2891
9/20/2019 11:09,300.23,300.29,300.22,300.29,300.1795,300.2842
9/20/2019 11:10,300.29,300.32,300.27,300.3,300.181,300.2784
9/20/2019 11:11,300.3,300.31,300.27,300.27,300.1819,300.2728
9/20/2019 11:12,300.28,300.3,300.27,300.3,300.1838,300.2684
9/20/2019 11:13,300.3,300.37,300.29,300.34,300.19,300.2649
9/20/2019 11:14,300.33,300.36,300.29,300.29,300.1971,300.2584
9/20/2019 11:15,300.29,300.29,300.21,300.23,300.2038,300.2507
9/20/2019 11:16,300.24,300.26,300.18,300.26,300.21,300.244
9/20/2019 11:17,300.25,300.29,300.21,300.21,300.2133,300.2361
9/20/2019 11:18,300.21,300.22,300.09,300.1,300.2114,300.2286
9/20/2019 11:19,300.1,300.1,299.97,300.07,300.209,300.2207
9/20/2019 11:20,300.07,300.08,299.98,300.01,300.2038,300.2105
9/20/2019 11:21,300.01,300.11,300,300.1,300.1976,300.2035
9/20/2019 11:22,300.1,300.16,300.08,300.14,300.1967,300.1977
9/20/2019 11:23,300.14,300.17,300.1,300.16,300.1948,300.1949
9/20/2019 11:24,300.16,300.21,300.14,300.2,300.1976,300.1946
9/20/2019 11:25,300.2,300.22,300.18,300.18,300.1976,300.1933
9/20/2019 11:26,300.18,300.19,300.12,300.13,300.1976,300.1912
9/20/2019 11:27,300.13,300.13,300.07,300.12,300.1976,300.1888
9/20/2019 11:28,300.12,300.12,300.02,300.05,300.19,300.1851
9/20/2019 11:29,300.06,300.1,300.03,300.05,300.1809,300.1809
9/20/2019 11:30,300.05,300.06,300,300.03,300.1686,300.1761
9/20/2019 11:31,300.03,300.05,300,300.01,300.1548,300.1702
9/20/2019 11:32,300.01,300.11,300.01,300.06,300.1448,300.1653
9/20/2019 11:33,300.06,300.08,300,300.07,300.1338,300.1612
9/20/2019 11:34,300.08,300.12,300.06,300.11,300.1229,300.1577
9/20/2019 11:35,300.11,300.15,300.1,300.13,300.1152,300.1558
9/20/2019 11:36,300.13,300.14,300.03,300.03,300.1057,300.1533
9/20/2019 11:37,300.02,300.05,299.93,299.93,300.09,300.1495
9/20/2019 11:38,299.94,299.95,299.9,299.92,300.0762,300.1447
9/20/2019 11:39,299.92,299.94,299.88,299.92,300.0676,300.1395
9/20/2019 11:40,299.92,299.93,299.87,299.9,300.0595,300.1339
9/20/2019 11:41,299.91,299.95,299.88,299.89,300.0538,300.1286
9/20/2019 11:42,299.89,299.92,299.84,299.85,300.0419,300.1223
9/20/2019 11:43,299.86,299.86,299.74,299.77,300.0243,300.1116
9/20/2019 11:44,299.77,299.81,299.73,299.74,300.0043,300.1019
9/20/2019 11:45,299.74,299.79,299.7,299.79,299.9848,300.0923
9/20/2019 11:46,299.79,299.81,299.72,299.8,299.9667,300.0844
9/20/2019 11:47,299.8,299.86,299.8,299.86,299.9538,300.077
9/20/2019 11:48,299.86,299.92,299.83,299.92,299.9443,300.0721
9/20/2019 11:49,299.92,299.92,299.86,299.88,299.9362,300.0665
9/20/2019 11:50,299.88,299.92,299.87,299.9,299.929,300.0593
9/20/2019 11:51,299.9,299.92,299.86,299.87,299.9214,300.0507
9/20/2019 11:52,299.88,299.92,299.87,299.92,299.9171,300.0421
9/20/2019 11:53,299.92,299.97,299.9,299.97,299.9129,300.0344
9/20/2019 11:54,299.96,300,299.94,299.96,299.9076,300.0272
9/20/2019 11:55,299.96,300.03,299.96,300.03,299.9038,300.0209
9/20/2019 11:56,300.02,300.09,300.01,300.07,299.9009,300.0146
9/20/2019 11:57,300.08,300.14,300.08,300.09,299.9038,300.01
9/20/2019 11:58,300.09,300.12,300.08,300.12,299.9129,300.0074
9/20/2019 11:59,300.11,300.13,300.1,300.11,299.9219,300.004
9/20/2019 12:00,300.11,300.14,300.1,300.12,299.9314,300.0019
9/20/2019 12:01,300.11,300.13,300.09,300.12,299.9419,300.0023
9/20/2019 12:02,300.12,300.17,300.12,300.14,299.9538,300.004
9/20/2019 12:03,300.14,300.17,300.13,300.15,299.9681,300.0072
9/20/2019 12:04,300.16,300.19,300.13,300.14,299.9857,300.0081
9/20/2019 12:05,300.14,300.14,300.09,300.1,300.0029,300.0072
9/20/2019 12:06,300.1,300.1,300.06,300.07,300.0162,300.0051
9/20/2019 12:07,300.07,300.11,300.07,300.08,300.0295,300.0023
9/20/2019 12:08,300.08,300.1,300.04,300.06,300.0391,299.9995
9/20/2019 12:09,300.06,300.08,300.04,300.06,300.0457,299.9979
9/20/2019 12:10,300.06,300.08,300.06,300.07,300.0547,299.9967
9/20/2019 12:11,300.07,300.17,300.07,300.16,300.0671,299.9993
9/20/2019 12:12,300.16,300.22,300.16,300.19,300.0824,300.0026
9/20/2019 12:13,300.19,300.24,300.19,300.22,300.0967,300.007
9/20/2019 12:14,300.22,300.23,300.19,300.22,300.1086,300.0119
9/20/2019 12:15,300.22,300.23,300.2,300.22,300.1209,300.0156
9/20/2019 12:16,300.23,300.25,300.22,300.23,300.1305,300.0193
9/20/2019 12:17,300.23,300.24,300.2,300.2,300.1367,300.0214
9/20/2019 12:18,300.2,300.2,300.15,300.17,300.1405,300.0223
9/20/2019 12:19,300.17,300.17,300.12,300.12,300.1405,300.0244
9/20/2019 12:20,300.13,300.15,300.12,300.13,300.1414,300.0291
9/20/2019 12:21,300.13,300.18,300.13,300.14,300.1424,300.0342
9/20/2019 12:22,300.15,300.15,300.11,300.12,300.1424,300.0388
9/20/2019 12:23,300.12,300.16,300.1,300.12,300.1414,300.0439
9/20/2019 12:24,300.13,300.19,300.12,300.15,300.1414,300.05
9/20/2019 12:25,300.14,300.16,300.06,300.06,300.1376,300.0549
9/20/2019 12:26,300.06,300.14,299.97,300.02,300.1338,300.0607
9/20/2019 12:27,300.02,300.02,299.95,299.97,300.1291,300.066
9/20/2019 12:28,299.98,300.06,299.97,300.04,300.1271,300.0719
9/20/2019 12:29,300.04,300.07,299.98,300.01,300.1248,300.0768
9/20/2019 12:30,300.01,300.09,300.01,300.05,300.1243,300.0812
9/20/2019 12:31,300.05,300.06,300,300.02,300.1219,300.0835
9/20/2019 12:32,300.02,300.03,299.97,300.02,300.1152,300.0867
9/20/2019 12:33,300.02,300.02,299.96,299.97,300.1048,300.0884
9/20/2019 12:34,299.97,299.98,299.85,299.91,300.09,300.0893
9/20/2019 12:35,299.91,299.92,299.87,299.88,300.0738,300.0884
9/20/2019 12:36,299.88,299.91,299.87,299.88,300.0576,300.0863
9/20/2019 12:37,299.88,299.89,299.79,299.84,300.0391,300.0835
9/20/2019 12:38,299.84,299.84,299.73,299.78,300.019,300.0777
9/20/2019 12:39,299.79,299.79,299.73,299.78,300.0005,300.0709
9/20/2019 12:40,299.78,299.87,299.78,299.85,299.9876,300.0653
9/20/2019 12:41,299.84,299.85,299.73,299.77,299.9705,300.0572
9/20/2019 12:42,299.77,299.79,299.76,299.76,299.9524,300.0491
9/20/2019 12:43,299.78,299.78,299.73,299.75,299.9348,300.0405
9/20/2019 12:44,299.75,299.84,299.75,299.82,299.9205,300.0335
9/20/2019 12:45,299.83,299.88,299.83,299.86,299.9067,300.027
9/20/2019 12:46,299.86,299.87,299.84,299.84,299.8962,300.0198
9/20/2019 12:47,299.84,299.86,299.82,299.85,299.8881,300.013
9/20/2019 12:48,299.85,299.9,299.84,299.88,299.8838,300.0079
9/20/2019 12:49,299.88,299.91,299.87,299.9,299.8771,300.004
9/20/2019 12:50,299.9,299.93,299.89,299.92,299.8729,300.0002
9/20/2019 12:51,299.93,299.94,299.9,299.92,299.8667,299.997
9/20/2019 12:52,299.92,299.97,299.92,299.92,299.8619,299.9937
9/20/2019 12:53,299.92,299.94,299.91,299.94,299.8581,299.9907
9/20/2019 12:54,299.94,300.01,299.94,300,299.8595,299.987
9/20/2019 12:55,300,300.03,299.99,300.01,299.8643,299.9828
9/20/2019 12:56,300.01,300.01,299.98,299.98,299.869,299.9772
9/20/2019 12:57,299.98,300,299.96,300,299.8748,299.9721
9/20/2019 12:58,299.99,300.02,299.98,300.02,299.8833,299.9674
9/20/2019 12:59,300.02,300.02,300,300.01,299.8943,299.9623
9/20/2019 13:00,300.01,300.03,300,300.02,299.9057,299.9581
9/20/2019 13:01,300.02,300.06,300.02,300.04,299.9148,299.9551
9/20/2019 13:02,300.04,300.06,300.03,300.03,299.9272,299.953
9/20/2019 13:03,300.03,300.04,300,300.04,299.9405,299.9509
9/20/2019 13:04,300.04,300.04,300.02,300.02,299.9533,299.9482
9/20/2019 13:05,300.02,300.04,300.02,300.02,299.9629,299.9458
9/20/2019 13:06,300.02,300.03,299.99,299.99,299.9691,299.9428
9/20/2019 13:07,300,300.01,299.99,299.99,299.9762,299.9391
9/20/2019 13:08,299.99,300.01,299.98,299.98,299.9824,299.9372
9/20/2019 13:09,299.98,300.01,299.98,300.01,299.9886,299.937
9/20/2019 13:10,300.01,300.01,299.96,299.96,299.9914,299.9367
9/20/2019 13:11,299.96,299.96,299.86,299.86,299.9886,299.9326
9/20/2019 13:12,299.86,299.91,299.86,299.88,299.9867,299.9295
9/20/2019 13:13,299.88,299.93,299.88,299.91,299.9862,299.9263
9/20/2019 13:14,299.9,299.9,298.71,298.9,299.9367,299.9002
9/20/2019 13:15,298.92,299,298.26,298.32,299.8567,299.8607
9/20/2019 13:16,298.32,298.66,297.89,298.34,299.7771,299.8228
9/20/2019 13:17,298.34,298.38,297.55,297.58,299.6628,299.7686
9/20/2019 13:18,297.58,298.12,297.41,298.11,299.5728,299.7274
9/20/2019 13:19,298.11,298.17,297.84,298.04,299.4786,299.6847
9/20/2019 13:20,298.04,298.67,298.04,298.6,299.4114,299.6558
9/20/2019 13:21,298.61,298.62,298.21,298.22,299.3257,299.6195
9/20/2019 13:22,298.22,298.61,298.1,298.5,299.2524,299.5898
9/20/2019 13:23,298.5,298.63,298.36,298.58,299.1833,299.5602
9/20/2019 13:24,298.58,298.69,298.46,298.65,299.1171,299.5342
9/20/2019 13:25,298.65,298.73,298.46,298.6,299.0495,299.5072
9/20/2019 13:26,298.61,298.75,298.52,298.72,298.9876,299.4832
9/20/2019 13:27,298.73,298.81,298.64,298.7,298.9262,299.4572
9/20/2019 13:28,298.71,298.74,298.48,298.55,298.8576,299.4268
9/20/2019 13:29,298.55,298.6,298.5,298.58,298.791,299.3974
9/20/2019 13:30,298.58,298.74,298.58,298.68,298.7276,299.3702
9/20/2019 13:31,298.69,298.74,298.43,298.46,298.6562,299.3372
9/20/2019 13:32,298.47,298.62,298.38,298.44,298.5886,299.3033
9/20/2019 13:33,298.44,298.54,298.39,298.46,298.5209,299.2693
9/20/2019 13:34,298.46,298.52,298.36,298.38,298.4481,299.2335
9/20/2019 13:35,298.38,298.47,298.34,298.46,298.4272,299.1995
9/20/2019 13:36,298.47,298.62,298.4,298.61,298.4409,299.1686
9/20/2019 13:37,298.61,298.74,298.57,298.64,298.4552,299.137
9/20/2019 13:38,298.64,298.66,298.51,298.55,298.5014,299.103
9/20/2019 13:39,298.56,298.62,298.48,298.54,298.5219,299.0695
9/20/2019 13:40,298.54,298.54,298.44,298.5,298.5438,299.0346
9/20/2019 13:41,298.5,298.58,298.46,298.51,298.5395,298.9995
9/20/2019 13:42,298.51,298.51,298.38,298.42,298.549,298.9626
9/20/2019 13:43,298.42,298.53,298.37,298.49,298.5486,298.927
9/20/2019 13:44,298.5,298.57,298.39,298.43,298.5414,298.8895
9/20/2019 13:45,298.43,298.59,298.43,298.45,298.5319,298.8528
9/20/2019 13:46,298.45,298.53,298.38,298.51,298.5276,298.8172
9/20/2019 13:47,298.51,298.57,298.38,298.41,298.5128,298.7798
9/20/2019 13:48,298.42,298.48,298.31,298.34,298.4957,298.7407
9/20/2019 13:49,298.34,298.37,298.26,298.27,298.4824,298.7007
9/20/2019 13:50,298.25,298.26,298.11,298.15,298.4619,298.6579
9/20/2019 13:51,298.14,298.27,298.09,298.26,298.4419,298.6179
9/20/2019 13:52,298.26,298.29,298.16,298.19,298.429,298.5756
9/20/2019 13:53,298.19,298.23,298.1,298.22,298.4186,298.5351
9/20/2019 13:54,298.22,298.22,298.07,298.15,298.4038,298.4954
9/20/2019 13:55,298.15,298.22,298.11,298.13,298.3919,298.4547
9/20/2019 13:56,298.13,298.2,298.08,298.13,298.3762,298.4133
9/20/2019 13:57,298.13,298.25,298.1,298.23,298.3581,298.3977
9/20/2019 13:58,298.24,298.47,298.24,298.42,298.3476,298.4
9/20/2019 13:59,298.42,298.71,298.42,298.49,298.3448,298.4035
9/20/2019 14:00,298.49,298.69,298.36,298.68,298.3514,298.4291
9/20/2019 14:01,298.67,299.08,298.66,299.04,298.3771,298.4507
9/20/2019 14:02,299.04,299.1,298.83,298.83,298.3924,298.4691
9/20/2019 14:03,298.84,299.1,298.76,298.82,298.4114,298.4742
9/20/2019 14:04,298.82,298.92,298.73,298.74,298.4233,298.4863
9/20/2019 14:05,298.73,298.83,298.71,298.8,298.4409,298.4933
9/20/2019 14:06,298.8,298.88,298.74,298.87,298.4609,298.5
9/20/2019 14:07,298.87,298.95,298.74,298.78,298.4738,298.503
9/20/2019 14:08,298.78,298.83,298.66,298.68,298.4867,298.5049
9/20/2019 14:09,298.68,298.71,298.48,298.56,298.4971,298.5012
9/20/2019 14:10,298.55,298.66,298.54,298.62,298.5138,298.4993
9/20/2019 14:11,298.62,298.7,298.6,298.63,298.5367,298.5012
9/20/2019 14:12,298.63,298.67,298.56,298.6,298.5529,298.5016
9/20/2019 14:13,298.59,298.62,298.54,298.58,298.5714,298.4993
9/20/2019 14:14,298.58,298.6,298.54,298.59,298.5891,298.5023
9/20/2019 14:15,298.59,298.64,298.48,298.5,298.6057,298.5037
9/20/2019 14:16,298.5,298.62,298.5,298.56,298.6262,298.506
9/20/2019 14:17,298.56,298.72,298.55,298.63,298.65,298.5119
9/20/2019 14:18,298.64,298.78,298.6,298.77,298.6757,298.5191
9/20/2019 14:19,298.77,298.78,298.56,298.56,298.6824,298.5179
9/20/2019 14:20,298.56,298.71,298.56,298.62,298.6886,298.5175
9/20/2019 14:21,298.62,298.77,298.56,298.74,298.6914,298.5219
9/20/2019 14:22,298.74,298.9,298.73,298.87,298.6833,298.5295
9/20/2019 14:23,298.87,298.87,298.73,298.8,298.6819,298.5365
9/20/2019 14:24,298.8,298.87,298.77,298.85,298.6833,298.5444
9/20/2019 14:25,298.86,298.93,298.86,298.9,298.6909,298.5556
9/20/2019 14:26,298.9,298.95,298.79,298.8,298.6909,298.5628
9/20/2019 14:27,298.8,298.82,298.76,298.76,298.6857,298.5705
9/20/2019 14:28,298.76,298.84,298.76,298.8,298.6867,298.5786
9/20/2019 14:29,298.79,298.86,298.78,298.86,298.6952,298.5867
9/20/2019 14:30,298.86,298.94,298.85,298.89,298.7109,298.5979
9/20/2019 14:31,298.89,298.96,298.86,298.88,298.7233,298.6105
9/20/2019 14:32,298.88,299.02,298.87,299,298.7409,298.6274
9/20/2019 14:33,299,299.04,298.93,299.01,298.7605,298.6474
9/20/2019 14:34,299.01,299.07,299,299,298.7805,298.6646
9/20/2019 14:35,299.01,299.06,299.01,299.05,298.8024,298.6847
9/20/2019 14:36,299.05,299.08,299.02,299.04,298.8281,298.7037
9/20/2019 14:37,299.04,299.18,299.04,299.14,298.8557,298.7267
9/20/2019 14:38,299.14,299.23,299.11,299.17,298.8814,298.7509
9/20/2019 14:39,299.18,299.23,299.14,299.16,298.9,298.7749
9/20/2019 14:40,299.16,299.2,299.12,299.15,298.9281,298.7963
9/20/2019 14:41,299.15,299.19,299.12,299.18,298.9548,298.814
9/20/2019 14:42,299.18,299.2,299.09,299.09,298.9714,298.8279
9/20/2019 14:43,299.1,299.13,299.06,299.07,298.981,298.837
9/20/2019 14:44,299.07,299.09,299.04,299.06,298.9933,298.8374
9/20/2019 14:45,299.06,299.11,299.06,299.07,299.0038,298.843
9/20/2019 14:46,299.07,299.12,299.06,299.09,299.0128,298.8493
9/20/2019 14:47,299.1,299.19,299.1,299.16,299.03,298.8591
9/20/2019 14:48,299.16,299.18,299.12,299.18,299.05,298.8679
9/20/2019 14:49,299.18,299.2,299.13,299.14,299.0662,298.8742
9/20/2019 14:50,299.14,299.19,299.12,299.13,299.079,298.8823
9/20/2019 14:51,299.13,299.17,299.05,299.05,299.0867,298.8909
9/20/2019 14:52,299.05,299.06,298.97,299.06,299.0952,298.9026
9/20/2019 14:53,299.06,299.06,299,299.04,299.0971,298.9123
9/20/2019 14:54,299.03,299.08,299.02,299.03,299.0981,298.9216
9/20/2019 14:55,299.02,299.06,298.99,299.06,299.101,298.9323
9/20/2019 14:56,299.06,299.08,299.01,299.08,299.1024,298.9439
9/20/2019 14:57,299.09,299.09,298.94,298.95,299.0981,298.9523
9/20/2019 14:58,298.95,298.99,298.89,298.98,299.0905,298.9635
9/20/2019 14:59,298.98,299,298.86,298.88,299.0767,298.9709
9/20/2019 15:00,298.88,298.98,298.88,298.95,299.0667,298.9784
9/20/2019 15:01,298.94,298.96,298.87,298.94,299.0567,298.9823
9/20/2019 15:02,298.94,299.03,298.89,298.89,299.0428,298.99
9/20/2019 15:03,298.89,298.97,298.88,298.89,299.0333,298.9963
9/20/2019 15:04,298.89,298.99,298.89,298.98,299.0291,299.0019
9/20/2019 15:05,298.98,299.08,298.96,299.06,299.0291,299.0063
9/20/2019 15:06,299.06,299.12,299.02,299.05,299.0281,299.0121
9/20/2019 15:07,299.07,299.08,299.03,299.07,299.0272,299.0172
9/20/2019 15:08,299.08,299.08,299.05,299.06,299.0224,299.0209
9/20/2019 15:09,299.05,299.12,298.95,298.96,299.0119,299.0247
9/20/2019 15:10,298.95,298.97,298.88,298.88,298.9995,299.0274
9/20/2019 15:11,298.88,298.94,298.84,298.84,298.9857,299.0284
9/20/2019 15:12,298.83,298.86,298.81,298.82,298.9748,299.0274
9/20/2019 15:13,298.82,298.85,298.82,298.85,298.9648,299.0265
9/20/2019 15:14,298.86,298.97,298.85,298.97,298.9614,299.0286
9/20/2019 15:15,298.95,299.05,298.95,299.04,56.78009,50.94482
9/20/2019 15:16,299.03,299.15,299.02,299.14,62.19115,111.2423
9/20/2019 15:17,299.14,299.16,299.05,299.07,56.82751,88.9043
9/20/2019 15:18,299.06,299.07,298.97,298.99,51.37376,17.89292
9/20/2019 15:19,299,299.06,298.95,298.96,49.45742,3.874273
9/20/2019 15:20,298.95,299.03,298.95,298.99,51.40937,9.014118
9/20/2019 15:21,298.98,299.01,298.94,298.99,53.3496,5.703899
9/20/2019 15:22,298.99,299.04,298.9,298.9,47.25365,-19.13964
9/20/2019 15:23,298.9,298.92,298.85,298.86,44.80274,-76.23169
9/20/2019 15:24,298.85,298.87,298.78,298.78,40.30215,-119.7589
9/20/2019 15:25,298.78,298.82,298.71,298.82,43.36664,-125.7168
9/20/2019 15:26,298.81,298.84,298.72,298.73,38.57032,-128.8378
9/20/2019 15:27,298.72,298.81,298.72,298.8,43.77721,-109.8064
9/20/2019 15:28,298.8,298.81,298.74,298.75,41.09737,-96.01783
9/20/2019 15:29,298.75,298.75,298.68,298.7,38.55561,-109.019
9/20/2019 15:30,298.69,298.72,298.61,298.71,39.36189,-110.9225
9/20/2019 15:31,298.71,298.81,298.71,298.76,43.3728,-55.8849
9/20/2019 15:32,298.75,298.75,298.59,298.6,35.32368,-118.3756
9/20/2019 15:33,298.6,298.62,298.56,298.61,36.11993,-141.5274
9/20/2019 15:34,298.61,298.63,298.58,298.61,36.95579,-125.2174
9/20/2019 15:35,298.61,298.63,298.56,298.61,37.83182,-109.7021
9/20/2019 15:36,298.61,298.72,298.58,298.7,45.22629,-45.9574
9/20/2019 15:37,298.7,298.77,298.69,298.72,46.74102,21.04055
9/20/2019 15:38,298.72,298.76,298.66,298.66,42.90567,-5.863276
9/20/2019 15:39,298.66,298.67,298.6,298.6,39.42205,-76.35364
9/20/2019 15:40,298.6,298.75,298.6,298.69,46.44603,-1.270064
9/20/2019 15:41,298.69,298.74,298.69,298.72,48.58603,58.34724
9/20/2019 15:42,298.71,298.79,298.7,298.76,51.37665,111.1642
9/20/2019 15:43,298.76,298.78,298.72,298.72,48.5394,89.37193
9/20/2019 15:44,298.72,298.74,298.66,298.7,47.13873,29.26785
9/20/2019 15:45,298.7,298.72,298.63,298.63,42.51187,-18.31078
9/20/2019 15:46,298.62,298.7,298.44,298.47,34.23985,-164.7036
9/20/2019 15:47,298.48,298.48,298.32,298.36,29.92778,-248.9391
9/20/2019 15:48,298.36,298.41,298.32,298.4,33.2214,-186.7156
9/20/2019 15:49,298.39,298.4,298.31,298.35,31.2453,-151.3685
9/20/2019 15:50,298.35,298.39,298.32,298.38,33.79058,-112.9714
9/20/2019 15:51,298.38,298.62,298.38,298.62,49.80097,-20.22145
9/20/2019 15:52,298.62,298.69,298.6,298.61,49.26586,29.95501
9/20/2019 15:53,298.6,298.72,298.6,298.68,53.06437,44.75237
9/20/2019 15:54,298.68,298.82,298.68,298.78,57.91208,86.15754
9/20/2019 15:55,298.79,298.84,298.76,298.79,58.37549,97.8224
9/20/2019 15:56,298.78,298.87,298.68,298.85,61.13755,95.62633
9/20/2019 15:57,298.84,298.86,298.64,298.64,48.90561,56.96696
9/20/2019 15:58,298.64,298.72,298.63,298.65,49.42348,36.7064
9/20/2019 15:59,298.66,298.68,298.56,298.57,45.44738,8.713275
9/20/2019 16:00,298.57,298.58,298.08,298.08,29.68925,-132.3232
