Date,Open,High,Low,Close,Wilder's RSI 14,Commodity Channel Index (CCI) 20,Volume ,,Open-Change,Open-High-Highest,Open-Low-Lowest
10/4/2011 0:00,2427,2448,2058,2058,,,100,,,,
10/5/2011 0:00,1974.6,1989,1813.8,1813.8,,,0,,(4.05),,
10/6/2011 0:00,1811.4,1878,1740,1740,,,500,,(0.13),,
10/7/2011 0:00,1705.8,1857.6,1684.8,1765.2,,,200,,(1.97),,
10/10/2011 0:00,1654.8,1656,1559.4,1559.4,,,400,,(6.25),,-5.77
10/11/2011 0:00,1570.2,1572.6,1491,1506,,,200,,0.69 ,,
10/12/2011 0:00,1394.4,1394.4,1248.6,1287.6,,,300,,(7.41),,-10.46
10/13/2011 0:00,1332,1402.2,1296.6,1296.6,,,100,,3.45 ,,
10/14/2011 0:00,1173.6,1241.4,1148.4,1168.8,,,200,,(9.49),,-2.15
10/17/2011 0:00,1157.4,1395,1157.4,1395,,,700,,(0.98),,
10/18/2011 0:00,1384.8,1477.2,1191,1302,,,900,,(0.73),,
10/19/2011 0:00,1260,1483.2,1236,1446.6,,,500,,(3.23),,
10/20/2011 0:00,1465.2,1567.8,1428,1449,,,600,,1.29 ,,
10/21/2011 0:00,1352.4,1401,1302,1302,,,500,,(6.67),,-3.73
10/24/2011 0:00,1270.2,1270.2,1138.2,1143.6,,,800,,(2.44),,
10/25/2011 0:00,1174.2,1311,1174.2,1293,29.63909,,800,,2.68 ,,
10/26/2011 0:00,1189.8,1374.6,1177.2,1190.4,27.99267,,600,,(7.98),,-1.06
10/27/2011 0:00,943.8,991.8,856.2,873,23.62123,,2400,,(20.72),,-9.28
10/28/2011 0:00,904.8,918.6,846.6,857.4,23.42759,,1200,,3.64 ,,
10/31/2011 0:00,938.4,1039.8,923.4,1039.8,30.59231,-106.6522,2700,,9.45 ,10.81,
11/1/2011 0:00,1356,1408.8,1261.8,1344.6,40.59516,-4.406388,5100,,30.41 ,3.89,
11/2/2011 0:00,1248,1351.8,1232.4,1261.8,38.95285,-16.07304,2800,,(7.18),,-1.25
11/3/2011 0:00,1188.6,1341.6,1132.2,1143,36.66115,-39.0534,3700,,(5.80),,-4.75
11/4/2011 0:00,1201.2,1271.4,1152.6,1186.2,38.08757,-31.03669,1700,,5.09 ,5.84,
11/7/2011 0:00,1199.4,1260,1164,1164.6,37.63124,-26.95197,2200,,1.11 ,,
11/8/2011 0:00,1132.8,1196.4,1050,1054.8,35.31496,-71.14758,2200,,(2.73),,
11/9/2011 0:00,1212.6,1461,1197,1445.4,47.65765,79.84368,6900,,14.96 ,20.48,
11/10/2011 0:00,1275,1425,1254,1262.4,43.47239,50.19168,4200,,(11.79),,-1.65
11/11/2011 0:00,1168.8,1170.6,1128,1157.4,41.23481,-40.22335,1900,,(7.41),,-3.49
11/14/2011 0:00,1191.6,1258.8,1186.8,1212.6,42.89877,0.2149628,1200,,2.95 ,,
11/15/2011 0:00,1256.4,1279.2,1169.4,1189.2,42.35131,-0.5401393,3200,,3.61 ,,
11/16/2011 0:00,1263.6,1320.6,1176,1304.4,46.00461,38.09284,9300,,6.26 ,4.51,
11/17/2011 0:00,1324.2,1479,1300.8,1428.6,49.70521,131.6283,5500,,1.52 ,,
11/18/2011 0:00,1347,1426.8,1330.8,1330.8,46.97507,103.16,4300,,(5.71),,-1.20
11/21/2011 0:00,1472.4,1476.6,1347.6,1363.8,48.0127,110.7533,5200,,10.64 ,0.29,
11/22/2011 0:00,1378.2,1405.2,1299.6,1306.8,46.3264,70.03935,3000,,1.06 ,,
11/23/2011 0:00,1369.2,1430.4,1350.6,1424.4,50.21169,97.16127,4300,,4.78 ,,
11/25/2011 0:00,1434,1471.2,1378.8,1461,51.39102,109.4454,1800,,0.67 ,,
11/28/2011 0:00,1266.6,1350,1244.4,1321.8,46.8461,21.96894,3300,,(13.31),,-1.75
11/29/2011 0:00,1296.6,1322.4,1240.2,1266,45.12336,-10.92887,3000,,(1.91),,
11/30/2011 0:00,1095.6,1114.2,1036.2,1041.6,38.92412,-164.4761,3400,,(13.46),,-5.42
12/1/2011 0:00,1050,1054.8,980.4,994.2,37.74453,-169.4258,1300,,0.81 ,,
12/2/2011 0:00,936.6,993,904.2,988.2,37.58924,-170.4527,4800,,(5.79),,-3.46
12/5/2011 0:00,907.2,1006.2,904.8,985.2,37.50616,-144.4533,3700,,(8.20),,-0.26
12/6/2011 0:00,985.2,997.8,951,976.2,37.24021,-121.6931,3700,,0.00 ,,
12/7/2011 0:00,1005,1083,1004.4,1038,40.36705,-85.92993,4100,,2.95 ,,
12/8/2011 0:00,1095.6,1149.6,1080,1134,44.95491,-42.88851,4000,,5.55 ,4.93,
12/9/2011 0:00,1102.8,1105.2,972.6,976.8,39.58442,-81.46052,3000,,(2.75),,
12/12/2011 0:00,1012.2,1050,979.2,979.2,39.70285,-80.55717,2200,,3.62 ,,
12/13/2011 0:00,940.2,1009.8,898.8,971.4,39.4323,-87.81259,5000,,(3.98),,
12/14/2011 0:00,968.4,1016.4,943.8,975,39.63676,-72.52764,5000,,(0.31),,
12/15/2011 0:00,907.2,927,879,902.4,36.92942,-92.60021,4500,,(6.95),,-3.11
12/16/2011 0:00,843,914.4,843,892.2,36.55167,-94.13654,5000,,(6.58),,
12/19/2011 0:00,873,888,837,872.4,35.78644,-95.07585,4500,,(2.15),,
12/20/2011 0:00,796.2,796.2,765,765.6,31.90624,-128.7874,4400,,(8.73),,-3.92
12/21/2011 0:00,750.6,772.8,662.4,664.8,28.73899,-155.8791,5700,,(1.96),,
12/22/2011 0:00,635.4,678,610.2,664.2,28.72072,-173.2499,3200,,(4.42),,
12/23/2011 0:00,645.6,709.2,643.8,696,31.21729,-147.5559,2900,,(2.80),,
12/27/2011 0:00,690,694.8,669.6,688.2,30.93112,-127.673,1700,,(0.86),,
12/28/2011 0:00,679.8,747,679.8,742.8,35.39568,-95.63197,3600,,(1.22),,
12/29/2011 0:00,733.2,734.4,705,707.4,33.86716,-88.22962,2100,,(1.29),,
12/30/2011 0:00,707.4,730.2,702,729.6,35.74123,-76.0078,1800,,0.00 ,,
1/3/2012 0:00,662.4,670.2,645,652.8,32.32817,-96.26965,3800,,(9.21),,-2.63
1/4/2012 0:00,671.4,682.2,625.8,627.6,31.2729,-90.62372,4900,,2.85 ,,
1/5/2012 0:00,644.4,657,597,598.8,30.06502,-93.85502,7000,,2.68 ,,
1/6/2012 0:00,588.6,612,567.6,579.6,29.25381,-100.8265,5600,,(1.70),,
1/9/2012 0:00,568.8,578.4,556.2,562.2,28.50324,-107.0402,3700,,(1.86),,
1/10/2012 0:00,528,544.8,517.8,538.8,27.48203,-118.8441,5100,,(6.08),,-1.93
1/11/2012 0:00,547.8,559.2,544.8,554.4,29.3006,-106.2426,4300,,1.67 ,,
1/12/2012 0:00,550.2,590.4,538.8,540,28.58793,-98.94295,7000,,(0.76),,
1/13/2012 0:00,566.4,601.2,564,568.8,32.14278,-79.33467,12600,,4.89 ,,
1/17/2012 0:00,532.2,566.4,514.8,560.4,31.64795,-96.5836,8100,,(6.43),,-3.27
1/18/2012 0:00,553.2,565.8,518.4,520.8,29.35366,-100.2707,11800,,(1.28),,
1/19/2012 0:00,505.8,516.6,489.6,491.4,27.74549,-122.6161,12300,,(2.88),,
1/20/2012 0:00,496.2,500.4,459.6,462.6,26.22953,-133.6063,13100,,0.98 ,,
1/23/2012 0:00,460.2,465.6,432,438,24.97431,-144.0045,13600,,(0.52),,
1/24/2012 0:00,459.6,463.2,436.8,441,25.4429,-127.4924,12900,,4.93 ,,
1/25/2012 0:00,441,452.4,401.4,404.4,23.51343,-138.3105,21000,,0.00 ,,
1/26/2012 0:00,387,416.4,384.6,404.4,21.73811,-139.8216,13900,,(4.30),,
1/27/2012 0:00,415.8,418.2,383.4,387.6,20.95597,-131.7903,12600,,2.82 ,,
1/30/2012 0:00,415.8,421.2,399.6,410.4,24.90492,-106.9733,12600,,7.28 ,1.30,
1/31/2012 0:00,391.8,418.2,388.8,409.8,24.86971,-99.53848,8300,,(4.53),,
2/1/2012 0:00,393,399,376.8,388.2,23.57736,-104.6128,10800,,(4.10),,
2/2/2012 0:00,373.8,378,364.2,364.8,22.22966,-110.6714,12000,,(3.71),,
2/3/2012 0:00,334.2,340.8,326.4,326.4,20.19011,-132.8338,15200,,(8.39),,-2.33
2/6/2012 0:00,331.2,333,318,318.6,19.79287,-127.2201,7400,,1.47 ,,
2/7/2012 0:00,320.4,332.4,317.4,323.4,20.82524,-116.4416,9500,,0.56 ,,
2/8/2012 0:00,323.4,342.6,320.4,338.4,24.11247,-97.80738,11200,,0.00 ,,
2/9/2012 0:00,342,372.6,336.6,372,31.0211,-67.17078,15700,,1.06 ,,
2/10/2012 0:00,411.6,481.2,403.8,435.6,41.81829,21.00444,28000,,10.65 ,16.91,
2/13/2012 0:00,388.8,400.2,369,369.6,35.59214,-41.37858,16600,,(10.74),,-5.09
2/14/2012 0:00,381,437.4,379.8,391.8,38.88803,-2.05927,29300,,3.08 ,,
2/15/2012 0:00,398.4,442.2,397.8,436.2,44.95494,46.07942,44700,,1.68 ,,
2/16/2012 0:00,454.8,471,397.8,400.8,41.42394,53.43435,41000,,4.26 ,,
2/17/2012 0:00,400.8,400.8,400.8,400.8,38.19328,19.48589,0,,0.00 ,,
2/21/2012 0:00,380.4,400.8,378,388.8,37.13597,1.336844,28400,,(5.09),,-0.63
2/22/2012 0:00,394.2,397.2,366,367.8,35.2946,-19.13538,38900,,1.39 ,,
2/23/2012 0:00,368.4,375,316.2,321.6,31.58417,-98.80844,84800,,0.16 ,,
2/24/2012 0:00,312.6,346.8,307.8,343.8,35.11407,-96.68224,91900,,(2.80),,
2/27/2012 0:00,367.8,370.2,328.2,349.2,35.97934,-54.99154,113900,,6.98 ,0.65,
2/28/2012 0:00,357.6,359.4,339,341.4,35.24816,-54.31229,69100,,2.41 ,,
2/29/2012 0:00,330,345.6,317.4,329.4,34.10002,-79.88488,156400,,(3.34),,
3/1/2012 0:00,326.4,328.8,312.6,317.4,32.94437,-93.17889,110900,,(0.91),,
3/2/2012 0:00,316.2,327,310.8,322.2,33.90922,-83.33333,90600,,(0.38),,
3/5/2012 0:00,327,332.4,316.2,319.2,33.58397,-76.60128,137100,,1.49 ,,
3/6/2012 0:00,359.4,373.8,346.2,367.8,43.10479,-2.732902,214800,,12.59 ,4.01,
3/7/2012 0:00,358.2,363,330.6,332.4,38.74768,-47.56546,168600,,(2.61),,
3/8/2012 0:00,312.8,316.9,301,305.1,35.74676,-112.7214,239900,,(5.90),,-3.77
3/9/2012 0:00,295.7,297.4,280.5,292.9,34.46226,-128.8118,349600,,(3.08),,
3/12/2012 0:00,285,286,263.9,265.9,31.74367,-152.582,379000,,(2.70),,
3/13/2012 0:00,250.6,254.3,237.4,241.7,29.4976,-179.1666,493800,,(5.75),,-5.27
3/14/2012 0:00,237.8,269.6,236.9,256.9,32.71777,-145.7063,412600,,(1.61),,
3/15/2012 0:00,262.4,266.7,248.6,248.6,31.86198,-132.2573,377900,,2.14 ,,
3/16/2012 0:00,245,254.3,243.9,247.7,31.76496,-128.9782,292500,,(1.45),,
3/19/2012 0:00,244.2,246.5,214.5,218.5,28.71025,-144.1198,555700,,(1.41),,
3/20/2012 0:00,227.3,230.9,197.2,197.4,26.7113,-149.127,568600,,4.03 ,,
3/21/2012 0:00,189.2,195,173.4,178,24.9886,-162.8898,570000,,(4.15),,
3/22/2012 0:00,192.6,199.4,177.8,181.7,25.96925,-134.8973,550900,,8.20 ,3.53,
3/23/2012 0:00,180,185.6,155.4,156.6,23.70521,-141.0716,575900,,(0.94),,
3/26/2012 0:00,144.9,145,126,127.5,21.37818,-159.9023,375600,,(7.47),,-13.04
3/27/2012 0:00,131.4,153.4,130.4,152.8,27.99615,-130.2637,410800,,3.06 ,,
3/28/2012 0:00,152.2,182,147.5,154.6,28.45755,-100.0815,696900,,(0.39),,
3/29/2012 0:00,173.9,173.9,150.2,153.8,28.37054,-91.09006,529900,,12.48 ,,
3/30/2012 0:00,140.7,152.8,140,145.6,27.44423,-95.15342,384200,,(8.52),,-0.50
4/2/2012 0:00,147.3,148.4,135,145.2,27.39723,-89.65974,421900,,1.17 ,,
4/3/2012 0:00,143.8,158.7,141.4,150.2,29.03302,-75.15369,544400,,(0.96),,
4/4/2012 0:00,164.7,172.4,154,157,31.30004,-55.78269,714800,,9.65 ,4.68,
4/5/2012 0:00,164.6,166.4,155.5,163.6,33.51982,-49.69144,500400,,4.84 ,,
4/9/2012 0:00,183.9,185,170.9,184.4,40.08973,-15.83249,553800,,12.41 ,0.60,
4/10/2012 0:00,186.6,215,181.1,214.2,48.01608,34.51336,730700,,1.19 ,,
4/11/2012 0:00,192.5,206.6,188.3,204,45.78329,34.16104,458500,,(10.13),,-2.18
4/12/2012 0:00,199.7,201,167.7,169,39.06971,-1.398908,663500,,(2.11),,
4/13/2012 0:00,166.5,186.4,166.4,185.9,43.38659,10.039,652600,,(1.48),,
4/16/2012 0:00,172,192.1,168.6,179,42.07585,24.39057,882800,,(7.48),,-1.98
4/17/2012 0:00,166.8,168.2,155.2,159.8,38.5829,-31.5734,667900,,(6.82),,-6.95
4/18/2012 0:00,163.7,168.1,155.8,163.7,39.67832,-19.5297,524800,,2.44 ,,
4/19/2012 0:00,163.6,176.5,156,166.8,40.58545,0.8072096,1011100,,(0.06),,
4/20/2012 0:00,159.8,160.4,152.8,156.3,38.47496,-40.52505,939500,,(4.20),,
4/23/2012 0:00,171.2,178,164.3,166,41.50135,21.6496,1026600,,9.53 ,3.97,
4/24/2012 0:00,165,166.7,158.1,158.1,39.7849,-28.29721,606100,,(0.60),,
4/25/2012 0:00,145.6,146.9,138.6,139.2,35.95371,-127.5726,796400,,(7.91),,-4.81
4/26/2012 0:00,140,140.8,126.8,129.3,34.10127,-154.1615,781400,,0.57 ,,
4/27/2012 0:00,128.1,133.8,126.2,128.4,33.93012,-147.9452,644200,,(0.93),,
4/30/2012 0:00,131.8,135.7,130,134.4,36.22802,-123.8865,536500,,2.65 ,,
5/1/2012 0:00,133.7,134.2,122.5,125.7,34.36183,-139.5023,819700,,(0.52),,
5/2/2012 0:00,131.6,134,125.5,127.8,35.22914,-120.2376,678200,,4.69 ,,
5/3/2012 0:00,126.2,136.7,124.2,133.3,37.55635,-96.27545,791300,,(1.25),,
5/4/2012 0:00,136,149.4,135.5,145.7,42.56665,-49.27806,1189800,,2.03 ,,
5/7/2012 0:00,151.7,153.2,137.3,140.7,41.13346,-43.33641,834400,,4.12 ,,
5/8/2012 0:00,146.2,161.2,141.7,143.4,42.26393,-18.92141,1496200,,3.91 ,,
5/9/2012 0:00,157.5,163.3,145.1,154.5,46.78815,11.93636,1625800,,9.83 ,3.68,
5/10/2012 0:00,145.1,149.1,140.6,144.2,43.39042,-24.18189,958600,,(6.08),,-3.10
5/11/2012 0:00,151.6,152,139.1,148.3,45.09949,-8.84812,1226300,,5.13 ,0.26,
5/14/2012 0:00,160.7,166.2,156.8,165.6,51.7226,88.56724,1399300,,8.36 ,3.42,
5/15/2012 0:00,166.5,183.3,159.9,181.9,56.98767,144.3365,1292200,,0.54 ,,
5/16/2012 0:00,176.2,196.1,170.4,194.2,60.48935,181.0981,1399000,,(3.13),,
5/17/2012 0:00,192.2,213.2,187,213.2,65.20206,220.159,1671200,,(1.03),,
5/18/2012 0:00,210,248.7,206.8,240.8,70.67409,248.0377,1785200,,(1.50),,
5/21/2012 0:00,237.5,244.3,185.1,185.6,52.79325,139.6985,1350400,,(1.37),,
5/22/2012 0:00,180.4,211,165,198.6,55.63975,88.7115,1318500,,(2.80),,
5/23/2012 0:00,209.7,221.9,188.1,192.1,53.89003,97.8747,1568800,,5.59 ,5.82,
5/24/2012 0:00,189.7,210.1,187.1,195,54.57636,79.15429,1479100,,(1.25),,
5/25/2012 0:00,194.7,197.3,189,191,53.39578,59.75002,1020300,,(0.15),,
5/29/2012 0:00,180.5,186.9,171.7,172.5,48.20235,18.32808,1151500,,(5.50),,-4.88
5/30/2012 0:00,182,195.7,181.4,195.7,54.21629,47.76739,897500,,5.51 ,7.53,
5/31/2012 0:00,198.2,218.9,186.7,200.2,55.30038,70.99142,1715400,,1.28 ,,
6/1/2012 0:00,231,236.2,218.8,234.7,62.61004,136.2027,1568400,,15.38 ,2.25,
6/4/2012 0:00,224.9,240.9,214.6,216,57.15435,110.5615,1314000,,(4.18),,
6/5/2012 0:00,220.2,220.8,202.7,206.2,54.47533,65.57238,916400,,1.94 ,,
6/6/2012 0:00,193.5,196.5,176,176.5,47.24733,-25.84772,984800,,(6.16),,-9.04
6/7/2012 0:00,160.4,174.6,158.4,171.8,46.20258,-82.3392,1247400,,(9.12),,-1.25
6/8/2012 0:00,174.1,176,153.3,154.1,42.40015,-116.2514,1073000,,1.34 ,,
6/11/2012 0:00,142.5,179.7,140.7,178.5,48.67142,-106.1267,1323100,,(7.53),,-1.26
6/12/2012 0:00,175.6,188.1,169.6,172.1,47.21922,-70.56009,1896100,,(1.62),,
6/13/2012 0:00,180.7,195,170.6,189.2,51.39232,-39.33783,1535400,,5.00 ,,
6/14/2012 0:00,186.8,192.5,165.5,166.3,46.13203,-77.17649,1727200,,(1.27),,
6/15/2012 0:00,163.1,167.4,148,151.8,43.12228,-136.5507,1186000,,(1.92),,
6/18/2012 0:00,150,152.5,126.2,126.4,38.39653,-189.5408,1780400,,(1.19),,
6/19/2012 0:00,117.5,124.6,116,120.9,37.43974,-201.8064,1725100,,(7.04),,-1.28
6/20/2012 0:00,120.9,130,110.5,110.5,35.63167,-176.8747,2630700,,0.00 ,,
6/21/2012 0:00,111,134.7,108.2,134.3,42.47781,-131.8117,2084200,,0.45 ,,
6/22/2012 0:00,125,129.4,105.3,106.9,37.52902,-139.4804,2144700,,(6.92),,-15.76
6/25/2012 0:00,123.9,129,121.8,126,42.55326,-97.76209,1741500,,15.90 ,4.12,
6/26/2012 0:00,119,128.9,115.8,118.7,41.18975,-94.98349,1821500,,(5.56),,-2.69
6/27/2012 0:00,115.6,121.1,112,120.8,41.76781,-90.82688,1501500,,(2.61),,
6/28/2012 0:00,123.7,127.8,113,113.6,40.30505,-81.39575,2028700,,2.40 ,,
6/29/2012 0:00,100.5,103.5,97.6,98.4,37.33261,-109.6337,1794700,,(11.53),,-2.89
7/2/2012 0:00,94.6,96.4,85.2,85.5,34.97515,-123.8812,1745700,,(3.86),,
7/3/2012 0:00,84.3,84.4,79,81.6,34.27057,-133.0847,940600,,(1.40),,
7/5/2012 0:00,82.6,89.3,82.6,87.4,36.32501,-113.7755,1560600,,1.23 ,,
7/6/2012 0:00,92.3,92.6,85.1,85.8,35.99081,-103.3829,1696600,,5.61 ,0.33,
7/9/2012 0:00,84.5,88.5,82.2,83.8,35.55052,-104.1992,1182000,,(1.52),,
7/10/2012 0:00,81.5,91.8,79,88.6,37.52586,-94.11266,2359700,,(2.74),,
7/11/2012 0:00,88.2,91.1,81.2,82.6,36.03894,-90.59515,2038000,,(0.45),,
7/12/2012 0:00,87.2,90.7,80.4,84.2,36.75857,-81.25467,2343900,,5.57 ,4.01,
7/13/2012 0:00,82.1,82.1,75,75.1,34.38873,-97.51449,1849800,,(2.49),,
7/16/2012 0:00,74.5,76.1,71.3,73,33.84643,-103.8705,1137200,,(0.80),,
7/17/2012 0:00,70.6,74.6,66.6,67.4,32.38004,-109.7819,2088400,,(3.29),,
7/18/2012 0:00,68.1,69.9,65.3,68.9,33.21469,-106.2206,1526600,,1.04 ,,
7/19/2012 0:00,68,71.1,65.7,65.7,32.29876,-101.0792,1700700,,(1.31),,
7/20/2012 0:00,69.6,73.9,67.9,72.5,36.31755,-82.87901,1934900,,5.94 ,6.18,
7/23/2012 0:00,84,89.2,79.4,81.9,41.4882,-26.58793,2575200,,15.86 ,6.19,
7/24/2012 0:00,81.9,94.1,81.7,88.6,44.92096,6.019535,2719900,,0.00 ,,
7/25/2012 0:00,88,94.4,83.5,86.4,44.00798,18.92231,2676600,,(0.68),,
7/26/2012 0:00,76,79.4,73.1,73.3,38.9337,-65.2907,1825100,,(12.04),,-3.82
7/27/2012 0:00,67.2,71,66.6,69,37.40895,-106.0459,1563200,,(8.32),,-0.89
7/30/2012 0:00,68.1,72.2,66.3,72,39.19802,-84.41679,1663300,,(1.30),,
7/31/2012 0:00,74.9,76.3,71.8,75.6,41.36397,-38.79417,1572000,,4.03 ,,
8/1/2012 0:00,73,76.2,70.8,72.7,40.12399,-46.90005,2846000,,(3.44),,
8/2/2012 0:00,76.2,77.9,69.4,69.4,38.70222,-51.43013,2695800,,4.81 ,,
8/3/2012 0:00,64.4,65,60.1,60.2,34.98077,-140.3909,1914500,,(7.20),,-6.68
8/6/2012 0:00,58.2,58.8,55.7,57.2,33.83815,-167.4111,1128600,,(3.32),,
8/7/2012 0:00,55.4,60.3,54.6,60.2,36.08643,-144.5995,1328700,,(3.15),,
8/8/2012 0:00,59.9,60.7,55,55.1,33.9729,-142.6997,1533100,,(0.50),,
8/9/2012 0:00,56,57,53.4,54.6,33.76411,-143.9247,1464600,,1.63 ,,
8/10/2012 0:00,55.7,56.5,52.6,52.7,32.93578,-134.2264,1284000,,2.01 ,,
8/13/2012 0:00,53.2,53.4,49.8,49.9,31.70147,-135.9671,1406200,,0.95 ,,
8/14/2012 0:00,50.5,55.6,50,55.4,36.71821,-100.2449,1601400,,1.20 ,,
8/15/2012 0:00,55.6,56.2,52.8,55.5,36.80909,-81.05495,1385700,,0.36 ,,
8/16/2012 0:00,55,57,53.2,53.3,35.59783,-74.52112,1406300,,(0.90),,
8/17/2012 0:00,52.5,53.7,49.5,50.3,33.95688,-86.20911,1598400,,(1.50),,
8/20/2012 0:00,51.1,52.9,50.2,50.5,34.17473,-80.07545,1124200,,1.59 ,,
8/21/2012 0:00,49.3,53.9,48.7,52.9,36.86601,-72.53357,2178200,,(2.38),,
8/22/2012 0:00,55,56,52.6,53.8,37.8915,-51.34943,2125000,,3.97 ,,
8/23/2012 0:00,54.4,57.5,54.1,56.1,40.54915,-31.28491,2096700,,1.12 ,,
8/24/2012 0:00,57.6,57.7,50.7,51.4,37.05936,-54.58464,1995400,,2.67 ,,
8/27/2012 0:00,50.7,52.6,49.8,52.4,38.27654,-71.18857,1476500,,(1.36),,
8/28/2012 0:00,54,54.5,52.3,54.2,40.50677,-41.28743,1733000,,3.05 ,,
8/29/2012 0:00,53.8,54.8,51.8,54.7,41.14294,-33.41678,1449000,,(0.74),,
8/30/2012 0:00,57.1,58.1,55.5,57,44.10392,75.3904,1559900,,4.39 ,,
8/31/2012 0:00,55.1,57.6,52.5,53,40.30618,8.200486,2220400,,(3.33),,
9/4/2012 0:00,53.5,55.4,52.1,52.3,39.66253,-30.59849,1336900,,0.94 ,,
9/5/2012 0:00,51.9,52.4,49,49.5,37.10976,-146.6579,1602400,,(0.76),,
9/6/2012 0:00,47.5,47.5,39.2,39.2,29.57014,-351.1384,2770600,,(4.04),,
9/7/2012 0:00,37.7,37.99,34.61,34.72,27.00058,-357.9879,3523300,,(3.83),,
9/10/2012 0:00,35.82,38.89,33.65,38.63,32.51262,-238.8792,5371100,,3.17 ,,
9/11/2012 0:00,38.35,39.34,36.27,38.06,32.13172,-170.3427,7308500,,(0.72),,
9/12/2012 0:00,36.55,38.48,35.42,35.9,30.66559,-147.7354,7207200,,(3.97),,
9/13/2012 0:00,35.96,37.19,30.23,30.7,27.42169,-152.9734,8308100,,0.17 ,,
9/14/2012 0:00,29.57,33.2,28.51,32.68,30.43905,-136.2013,7736400,,(3.68),,
9/17/2012 0:00,33.92,33.95,32.1,32.17,30.09203,-107.3178,5554200,,3.79 ,,
9/18/2012 0:00,32.63,33.21,30.26,30.51,28.93568,-103.2321,5804600,,1.43 ,,
9/19/2012 0:00,29.43,30.73,29.19,30.34,28.81357,-99.55152,7055000,,(3.54),,
9/20/2012 0:00,30.89,31.88,29.7,29.75,28.36616,-87.99931,7191600,,1.81 ,,
9/21/2012 0:00,29.76,30.32,28.5,29.26,27.9776,-88.13512,6466700,,0.03 ,,
9/24/2012 0:00,29.94,30.28,28.02,28.45,27.3116,-84.23932,6236500,,2.32 ,,
9/25/2012 0:00,27.86,33,27.84,32.89,36.26748,-62.64265,8930400,,(2.07),,
9/26/2012 0:00,34.05,36.87,33.21,35.37,40.665,-28.76108,1.06E+07,,3.53 ,,
9/27/2012 0:00,33.21,34.3,29.03,29.15,34.2769,-62.63414,7498000,,(6.11),,-12.59
9/28/2012 0:00,30.55,31.48,29.1,30.92,37.29558,-63.53394,5893000,,4.80 ,,
10/1/2012 0:00,29.47,31.96,27.85,31.55,38.38042,-60.82537,6880400,,(4.69),,
10/2/2012 0:00,30.72,32.48,30.08,30.22,36.92791,-49.86914,5829900,,(2.63),,
10/3/2012 0:00,30.35,31.79,29.3,30.01,36.69179,-58.3242,6240300,,0.43 ,,
10/4/2012 0:00,29.55,29.97,28.6,28.64,35.11436,-89.51316,5407100,,(1.53),,
10/5/2012 0:00,26.85,28.53,26.2,27.78,34.12265,-129.5732,7958200,,(6.25),,-2.42
10/8/2012 0:00,28.5,29.04,27.9,28.46,35.66972,-100.7438,3940600,,2.59 ,,
10/9/2012 0:00,28.53,31.16,28.26,30.82,40.86059,-37.29199,7558900,,0.25 ,,
10/10/2012 0:00,30.35,31.6,29.78,30.15,39.87682,-5.609864,6903600,,(1.52),,
10/11/2012 0:00,29.3,29.79,28.53,29.38,38.72295,-73.9599,6452500,,(2.82),,
10/12/2012 0:00,28.37,30.25,27.86,29.79,39.7231,-62.64477,7305800,,(3.44),,
10/15/2012 0:00,29.38,30.61,27.6,27.79,36.58611,-92.0926,6481100,,(1.38),,
10/16/2012 0:00,26.86,27.27,26.22,26.49,34.66957,-182.1226,6605300,,(3.35),,
10/17/2012 0:00,26.48,27,25.5,25.8,33.66164,-175.7725,5620000,,(0.04),,
10/18/2012 0:00,26.1,26.44,25.04,25.63,33.40398,-166.7094,8667200,,1.16 ,,
10/19/2012 0:00,26.12,29.51,26.06,28.96,42.66255,-52.2247,1.05E+07,,1.91 ,,
10/22/2012 0:00,28.79,30.53,28.16,28.24,41.32479,-18.02649,8156400,,(0.59),,
10/23/2012 0:00,31.4,33.42,31,32.65,51.38091,120.2439,8952400,,11.19 ,6.43,
10/24/2012 0:00,31.56,33.42,31.37,32.95,51.98379,147.7727,7086300,,(3.34),,
10/25/2012 0:00,30.61,32.79,30.33,31.1,48.02867,91.24385,7996000,,(7.10),,-0.91
10/26/2012 0:00,31.1,32.67,30.05,30.93,47.66975,79.13804,6995500,,0.00 ,,
10/31/2012 0:00,29.85,32.82,29.62,32.07,50.3493,86.04509,4999500,,(3.49),,
11/1/2012 0:00,31.5,31.65,26.9,26.9,40.27685,-35.95534,7631200,,(1.78),,
11/2/2012 0:00,26.26,28.44,25.94,28.18,43.30112,-70.72928,9269000,,(2.38),,
11/5/2012 0:00,28.89,30.68,28.56,29.17,45.59579,11.64892,6663900,,2.52 ,,
11/6/2012 0:00,28.7,29.31,26.4,27,41.61972,-69.31913,7860100,,(1.61),,
11/7/2012 0:00,28.4,32.1,28.01,31.34,50.85094,49.59666,1.23E+07,,5.19 ,13.03,
11/8/2012 0:00,31.1,32.1,29.7,31.72,51.57297,73.4459,8653200,,(0.77),,
11/9/2012 0:00,32.38,32.49,29.72,31.7,51.53007,75.10859,7293500,,2.08 ,,
11/12/2012 0:00,30.86,30.93,27.41,27.6,43.53393,-27.82,8237500,,(2.65),,
11/13/2012 0:00,28.83,29.2,26.25,27.66,43.67168,-58.81443,9899000,,4.46 ,,
11/14/2012 0:00,26.24,30.38,25.94,29.41,47.68075,-26.11316,1.12E+07,,(5.13),,-1.14
11/15/2012 0:00,29.38,31.93,28.37,30.05,49.10734,25.89631,1.09E+07,,(0.10),,
11/16/2012 0:00,29.28,31.48,27.22,27.37,43.73013,-37.44833,1.09E+07,,(2.56),,
11/19/2012 0:00,25.37,25.45,22.59,22.64,36.19672,-233.9271,1.04E+07,,(7.31),,-10.96
11/20/2012 0:00,22.05,22.78,21.66,21.75,34.97579,-237.9597,8363500,,(2.61),,
11/21/2012 0:00,21.61,22.45,20.92,22.05,35.76234,-198.761,5140300,,(0.64),,
11/23/2012 0:00,20.96,21.41,20.18,20.2,33.10311,-190.1159,3820300,,(4.94),,
11/26/2012 0:00,20.91,21.17,19.77,19.78,32.51204,-164.3089,7446100,,3.51 ,,
11/27/2012 0:00,19.61,20.73,19.22,20.56,34.83898,-135.4694,1.05E+07,,(0.86),,
11/28/2012 0:00,21.35,22.2,19.33,19.47,33.12039,-111.9263,1.27E+07,,3.84 ,,
11/29/2012 0:00,18.86,19.8,18.7,18.91,32.24045,-114.8639,9771300,,(3.13),,
11/30/2012 0:00,18.59,19.99,18.58,19.57,34.45083,-97.0089,7435600,,(1.69),,
12/3/2012 0:00,18.65,20.5,18.56,20.36,37.09594,-80.55812,8507100,,(4.70),,
12/4/2012 0:00,20.59,21.68,20.07,21.07,39.46038,-57.33438,9027700,,1.13 ,,
12/5/2012 0:00,21.04,22.06,20.14,20.41,38.02938,-53.54471,8397600,,(0.14),,
12/6/2012 0:00,20.33,21.16,20.19,20.8,39.42723,-51.67418,6599600,,(0.39),,
12/7/2012 0:00,20.1,21.1,19.28,19.38,36.22337,-61.2835,6935700,,(3.37),,
12/10/2012 0:00,19.7,20.22,19.46,19.88,38.12982,-59.59648,4065000,,1.65 ,,
12/11/2012 0:00,19.35,19.64,18.54,18.54,35.10146,-78.24138,8571700,,(2.67),,
12/12/2012 0:00,18.41,19.55,18.2,19.46,38.70113,-72.92494,8781300,,(0.70),,
12/13/2012 0:00,19.35,20.8,19.17,20.17,41.40238,-42.83354,8220300,,(0.57),,
12/14/2012 0:00,20.37,20.98,20.14,20.46,42.51662,-15.71356,6838600,,0.99 ,,
12/17/2012 0:00,20.61,20.65,19,19.05,38.66678,-66.76855,6512600,,0.73 ,,
12/18/2012 0:00,18.4,18.62,17.34,17.6,35.14265,-202.5657,9415300,,(3.41),,
12/19/2012 0:00,17.6,19.68,17.56,19.63,42.97817,-94.53168,1.11E+07,,0.00 ,,
12/20/2012 0:00,19.45,20.82,19.24,20.57,46.21828,38.38871,8468200,,(0.92),,
12/21/2012 0:00,23.95,24.11,22.59,23.28,54.28353,297.8492,1.32E+07,,16.43 ,0.67,
12/24/2012 0:00,22.63,23.18,22.41,22.55,52.02047,197.5003,3669300,,(2.79),,
12/26/2012 0:00,23.36,25.15,23.21,25.07,58.45874,245.4951,6978500,,3.59 ,,
12/27/2012 0:00,24.99,28.28,24.42,25.03,58.32495,240.5895,1.53E+07,,(0.32),,
12/28/2012 0:00,26.69,27.9,25.33,27.54,63.90689,215.1686,1.19E+07,,6.63 ,4.53,
12/31/2012 0:00,28.56,29.2,20.25,20.9,46.25631,76.50764,1.39E+07,,3.70 ,,
1/2/2013 0:00,16.72,17.84,16.02,16.07,38.0285,-142.8602,1.28E+07,,(20.00),,-4.19
1/3/2013 0:00,16.1,16.45,15.41,15.93,37.81852,-146.6091,1.34E+07,,0.19 ,,
1/4/2013 0:00,15.94,16.07,15.17,15.3,36.8329,-140.1777,1.17E+07,,0.06 ,,
1/7/2013 0:00,15.7,15.95,15.15,15.27,36.78374,-125.7062,1.06E+07,,2.61 ,,
1/8/2013 0:00,15.1,15.64,14.84,14.96,36.24539,-118.8116,1.17E+07,,(1.11),,
1/9/2013 0:00,14.46,15.26,14.4,14.98,36.31015,-110.2354,8943000,,(3.34),,
1/10/2013 0:00,14.45,14.88,14.22,14.27,34.95273,-107.4404,1.04E+07,,(3.54),,
1/11/2013 0:00,14.38,14.65,14.13,14.16,34.73606,-98.07191,8363100,,0.77 ,,
1/14/2013 0:00,14.13,14.32,13.57,13.73,33.85266,-94.9334,1.07E+07,,(0.21),,
1/15/2013 0:00,14.05,14.13,13.44,13.67,33.72378,-87.4148,9000800,,2.33 ,,
1/16/2013 0:00,13.48,13.61,12.84,13.12,32.50226,-87.77736,1.06E+07,,(1.39),,
1/17/2013 0:00,12.72,13.26,12.66,13.25,33.1189,-81.9518,9235400,,(3.05),,
1/18/2013 0:00,13.01,13.16,11.44,11.56,29.36333,-89.22379,1.70E+07,,(1.81),,
1/22/2013 0:00,11.55,12,10.77,10.87,27.96882,-94.75952,1.02E+07,,(0.09),,
1/23/2013 0:00,10.87,10.94,10.18,10.29,26.81597,-103.0402,1.27E+07,,0.00 ,,
1/24/2013 0:00,10.4,11.59,10.1,10.38,27.31662,-96.78705,2.02E+07,,1.07 ,,
1/25/2013 0:00,10.43,10.96,10.2,10.56,28.37202,-99.38708,1.59E+07,,0.48 ,,
1/28/2013 0:00,10.52,11.39,10.49,11.15,31.86436,-89.67815,1.42E+07,,(0.38),,
1/29/2013 0:00,11.46,11.62,10.3,10.45,29.99573,-94.32651,1.81E+07,,2.78 ,,
1/30/2013 0:00,11,11.8,10.69,11.79,37.54614,-67.44317,1.81E+07,,5.26 ,7.27,
1/31/2013 0:00,11.93,12.08,11.32,11.85,37.86928,-48.6432,1.24E+07,,1.19 ,,
2/1/2013 0:00,10.92,10.93,10.35,10.64,34.04383,-83.69508,1.59E+07,,(7.85),,-5.22
2/4/2013 0:00,11.29,12.12,11.04,12.1,41.69695,-33.38493,1.68E+07,,6.11 ,7.35,
2/5/2013 0:00,11.59,11.69,10.7,11.14,38.53105,-53.30923,1.44E+07,,(4.21),,
2/6/2013 0:00,11.61,11.66,11.01,11.02,38.14122,-46.38805,1.30E+07,,4.22 ,,
2/7/2013 0:00,10.75,11.81,10.68,10.92,37.79802,-47.08388,2.04E+07,,(2.45),,
2/8/2013 0:00,10.79,10.81,10.41,10.53,36.42158,-77.74177,1.37E+07,,(1.19),,
2/11/2013 0:00,10.44,10.62,10.06,10.12,34.97945,-96.89056,1.18E+07,,(0.85),,
2/12/2013 0:00,10.12,10.26,9.77,9.92,34.26668,-118.4673,1.33E+07,,0.00 ,,
2/13/2013 0:00,9.83,10.38,9.68,10.07,35.33101,-113.9817,1.57E+07,,(0.91),,
2/14/2013 0:00,10.17,10.29,9.64,9.74,34.02572,-123.1359,1.37E+07,,0.99 ,,
2/15/2013 0:00,9.51,10.03,9.47,9.6,33.46093,-138.6876,1.75E+07,,(2.36),,
2/19/2013 0:00,9.46,9.46,8.71,8.76,30.21972,-203.7406,1.93E+07,,(1.46),,
2/20/2013 0:00,8.8,10.35,8.8,10.31,41.48351,-91.53134,2.36E+07,,0.46 ,,
2/21/2013 0:00,10.24,11.39,10.24,10.63,43.51081,16.95077,3.52E+07,,(0.68),,
2/22/2013 0:00,10.14,10.55,9.9,9.91,40.14106,-52.49027,1.67E+07,,(4.61),,
2/25/2013 0:00,9.26,12.86,9,12.65,54.56273,93.17088,4.27E+07,,(6.56),,-2.81
2/26/2013 0:00,12.31,13.84,11.55,11.99,51.35326,168.1236,5.29E+07,,(2.69),,
2/27/2013 0:00,12.13,12.4,9.91,10.31,44.22259,16.04935,3.21E+07,,1.17 ,,
2/28/2013 0:00,10.3,10.95,9.93,10.93,47.13974,-5.982007,2.66E+07,,(0.10),,
3/1/2013 0:00,11.99,12.49,10.89,11.26,48.67828,90.87063,4.40E+07,,9.70 ,4.17,



,,,,,,,,,,5.26,-4.13
,,,,,,,,,,4.54,3.51

,,,,,,,,Total,352.00,,
,,,,,,,,High,140.00,0.40,
,,,,,,,,Low,200.00,0.57,
,,,,,,,,=,11.00,0.03,
