Timestamp,Open,High,Low,Close,Rsi,Cci
5/11/2020 2:11:00 PM,33.9,33.95,33.9,33.93,,
5/11/2020 2:12:00 PM,33.93,33.97,33.9,33.95,,
5/11/2020 2:13:00 PM,33.94,33.97,33.91,33.97,,
5/11/2020 2:14:00 PM,33.99,34.08,33.99,34.05,,
5/11/2020 2:15:00 PM,34.05,34.07,34,34.01,,
5/11/2020 2:16:00 PM,34.04,34.06,33.96,34,,
5/11/2020 2:17:00 PM,34,34.06,34,34.01,,
5/11/2020 2:18:00 PM,34,34.02,33.96,34.01,,
5/11/2020 2:19:00 PM,34.01,34.01,33.9,33.92,,
5/11/2020 2:20:00 PM,33.92,33.95,33.89,33.92,,
5/11/2020 2:21:00 PM,33.9,33.92,33.83,33.87,,
5/11/2020 2:22:00 PM,33.83,33.86,33.83,33.84,,
5/11/2020 2:23:00 PM,33.84,33.84,33.81,33.81,,
5/11/2020 2:24:00 PM,33.81,33.82,33.73,33.78,,-164.4722
5/11/2020 2:25:00 PM,33.78,33.87,33.73,33.82,,-107.8552
5/11/2020 2:26:00 PM,33.78,33.8,33.76,33.78,34.69366,-106.8496
5/11/2020 2:27:00 PM,33.79,33.99,33.78,33.98,54.63464,3.484206
5/11/2020 2:28:00 PM,33.97,34.07,33.97,33.98,65.86076,80.55667
5/11/2020 2:29:00 PM,33.98,34.12,33.98,34.11,70.90131,126.5572
5/11/2020 2:30:00 PM,34.11,34.11,34,34,62.49334,95.81355
5/11/2020 2:31:00 PM,34,34.02,33.82,33.86,53.75599,-5.503896
5/11/2020 2:32:00 PM,33.88,33.96,33.88,33.92,56.55908,17.54311
5/11/2020 2:33:00 PM,33.92,33.95,33.9,33.91,55.95044,19.50347
5/11/2020 2:34:00 PM,33.9,33.9,33.82,33.82,50.66512,-43.21149
5/11/2020 2:35:00 PM,33.83,33.85,33.8,33.82,45.98685,-58.38454
5/11/2020 2:36:00 PM,33.83,33.84,33.72,33.74,42.25223,-96.04014
5/11/2020 2:37:00 PM,33.74,33.75,33.66,33.66,38.85398,-135.4163
5/11/2020 2:38:00 PM,33.66,33.68,33.61,33.63,37.63177,-148.8621
5/11/2020 2:39:00 PM,33.63,33.67,33.61,33.61,36.80061,-130.8214
5/11/2020 2:40:00 PM,33.63,33.63,33.61,33.61,35.94561,-118.8669
5/11/2020 2:41:00 PM,33.6,33.65,33.55,33.6,35.5014,-105.2799
5/11/2020 2:42:00 PM,33.63,33.63,33.57,33.58,34.58129,-92.47992
5/11/2020 2:43:00 PM,33.58,33.59,33.53,33.55,33.19133,-97.05494
5/11/2020 2:44:00 PM,33.54,33.59,33.52,33.56,34.1417,-87.32267
5/11/2020 2:45:00 PM,33.53,33.59,33.53,33.53,32.64173,-82.83878
5/11/2020 2:46:00 PM,33.53,33.6,33.52,33.58,37.56493,-67.29848
5/11/2020 2:47:00 PM,33.58,33.66,33.58,33.64,42.95274,-17.99607
5/11/2020 2:48:00 PM,33.65,33.65,33.57,33.61,41.04551,-24.00432
5/11/2020 2:49:00 PM,33.61,33.61,33.52,33.54,36.92533,-84.77869
5/11/2020 2:50:00 PM,33.54,33.54,33.51,33.52,35.81899,-129.4099
5/11/2020 2:51:00 PM,33.53,33.54,33.47,33.48,33.64761,-152.9423
5/11/2020 2:52:00 PM,33.48,33.48,33.37,33.37,28.52633,-245.4391
5/11/2020 2:53:00 PM,33.38,33.41,33.28,33.29,25.48804,-242.4494
5/11/2020 2:54:00 PM,33.32,33.34,33.23,33.26,24.43683,-199.4398
5/11/2020 2:55:00 PM,33.25,33.34,33.25,33.32,30.60128,-134.0187
5/11/2020 2:56:00 PM,33.31,33.41,33.3,33.38,36.20594,-75.26747
5/11/2020 2:57:00 PM,33.37,33.41,33.37,33.39,37.11728,-49.12218
5/11/2020 2:58:00 PM,33.39,33.4,33.35,33.39,38.07004,-47.48911
5/11/2020 2:59:00 PM,33.39,33.41,33.39,33.39,39.06432,-31.32821
5/11/2020 3:00:00 PM,33.39,33.4,33.36,33.39,40.09999,-34.20196
5/11/2020 3:01:00 PM,33.4,33.4,33.26,33.26,32.39128,-86.09217
5/11/2020 3:02:00 PM,33.29,33.31,33.16,33.18,28.73107,-156.0103
5/11/2020 3:03:00 PM,33.17,33.2,33.12,33.19,29.79878,-165.0082
5/11/2020 3:04:00 PM,33.19,33.21,33.17,33.19,30.91342,-126.408
5/11/2020 3:05:00 PM,33.19,33.25,33.17,33.23,35.33698,-89.19424
5/11/2020 3:06:00 PM,33.23,33.31,33.22,33.24,36.433,-41.96337
5/11/2020 3:07:00 PM,33.25,33.27,33.19,33.21,34.54172,-64.83981
5/11/2020 3:08:00 PM,33.21,33.22,33.18,33.19,33.30069,-78.48224
5/11/2020 3:09:00 PM,33.18,33.23,33.18,33.23,38.09143,-55.84474
5/11/2020 3:10:00 PM,33.23,33.23,33.2,33.22,37.36893,-46.81703
5/11/2020 3:11:00 PM,33.22,33.22,33.12,33.13,31.56511,-95.34053
5/11/2020 3:12:00 PM,33.14,33.16,33.11,33.15,34.01763,-108.8517
5/11/2020 3:13:00 PM,33.15,33.21,33.14,33.19,38.74531,-62.01945
5/11/2020 3:14:00 PM,33.19,33.28,33.19,33.27,46.93527,78.44153
5/11/2020 3:15:00 PM,33.27,33.3,33.22,33.23,43.78314,105.4471
5/11/2020 3:16:00 PM,33.23,33.23,33.14,33.19,40.8301,-38.01904
5/11/2020 3:17:00 PM,33.2,33.21,33.15,33.16,38.72086,-69.99622
5/11/2020 3:18:00 PM,33.16,33.16,33.08,33.12,36.04684,-155.5568
5/11/2020 3:19:00 PM,33.12,33.13,33.1,33.1,34.75447,-140.3665
5/11/2020 3:20:00 PM,33.1,33.26,33.08,33.17,42.52164,-28.0509
5/11/2020 3:21:00 PM,33.17,33.23,33.15,33.22,47.34385,34.78318
5/11/2020 3:22:00 PM,33.24,33.33,33.23,33.33,56.07442,175.6903
5/11/2020 3:23:00 PM,33.32,33.33,33.23,33.32,55.17855,138.4489
5/11/2020 3:24:00 PM,33.32,33.32,33.25,33.26,50.01622,98.46609
5/11/2020 3:25:00 PM,33.29,33.29,33.24,33.27,50.84186,71.68507
5/11/2020 3:26:00 PM,33.27,33.3,33.24,33.3,53.33172,75.32251
5/11/2020 3:27:00 PM,33.28,33.34,33.28,33.32,54.96932,99.21433
5/11/2020 3:28:00 PM,33.32,33.36,33.29,33.35,57.38478,105.4651
5/11/2020 3:29:00 PM,33.35,33.35,33.22,33.24,47.35448,36.29607
5/11/2020 3:30:00 PM,33.24,33.26,33.17,33.21,45.0419,-25.3007
5/11/2020 3:31:00 PM,33.23,33.27,33.15,33.17,42.09058,-46.40265
5/11/2020 3:32:00 PM,33.17,33.48,33.17,33.46,61.6895,135.1544
5/11/2020 3:33:00 PM,33.46,33.53,33.41,33.46,71.9229,225.7657
5/11/2020 3:34:00 PM,33.46,33.48,33.37,33.4,67.8829,135.8627
5/11/2020 3:35:00 PM,33.37,33.54,33.36,33.52,71.34929,154.9223
5/11/2020 3:36:00 PM,33.52,33.57,33.44,33.44,66.21802,128.3013
5/11/2020 3:37:00 PM,33.44,33.5,33.44,33.47,67.17154,95.62743
5/11/2020 3:38:00 PM,33.47,33.47,33.42,33.43,64.55533,62.38729
5/11/2020 3:39:00 PM,33.43,33.49,33.38,33.4,62.5866,43.11446
5/11/2020 3:40:00 PM,33.4,33.49,33.4,33.44,64.15616,51.29762
5/11/2020 3:41:00 PM,33.43,33.46,33.34,33.41,62.05346,14.84274
5/11/2020 3:42:00 PM,33.43,33.47,33.36,33.36,58.6058,5.644089
5/11/2020 3:43:00 PM,33.38,33.38,33.3,33.3,54.67966,-67.16998
5/11/2020 3:44:00 PM,33.3,33.33,33.23,33.24,51.00043,-141.2533
5/11/2020 3:45:00 PM,33.24,33.28,33.21,33.24,47.5545,-182.4461
5/11/2020 3:46:00 PM,33.24,33.31,33.18,33.23,46.98455,-144.2791
5/11/2020 3:47:00 PM,33.23,33.48,33.23,33.41,56.97765,-12.0745
5/11/2020 3:48:00 PM,33.4,33.4,33.36,33.39,55.72084,0
5/11/2020 3:49:00 PM,33.39,33.44,33.36,33.42,57.24422,29.60557
5/11/2020 3:50:00 PM,33.38,33.52,33.36,33.48,60.19404,83.04865
5/11/2020 3:51:00 PM,33.47,33.58,33.37,33.38,53.56162,75.9809
5/11/2020 3:52:00 PM,33.37,33.37,33.28,33.32,50.00158,-46.41014
5/11/2020 3:53:00 PM,33.34,33.44,33.32,33.43,55.80156,35.85893
5/11/2020 3:54:00 PM,33.42,33.44,33.4,33.44,56.2978,71.4043
5/11/2020 3:55:00 PM,33.44,33.47,33.4,33.43,55.62523,74.56325
5/11/2020 3:56:00 PM,33.43,33.45,33.3,33.32,48.72793,-6.385541
5/11/2020 3:57:00 PM,33.32,33.38,33.31,33.34,49.94327,-23.1414
5/11/2020 3:58:00 PM,33.33,33.35,33.3,33.31,48.10154,-58.55579
5/11/2020 3:59:00 PM,33.31,33.32,33.27,33.29,46.86081,-103.7728
5/11/2020 4:00:00 PM,33.29,33.33,33.26,33.33,49.65765,-102.8344
5/12/2020 9:31:00 AM,31.76,31.94,31.65,31.65,14.6892,-466.669
5/12/2020 9:32:00 AM,31.64,31.67,31.54,31.54,13.99433,-246.3309
5/12/2020 9:33:00 AM,31.54,31.69,31.42,31.52,13.86589,-164.742
5/12/2020 9:34:00 AM,31.53,31.73,31.49,31.7,20.90186,-115.5688
5/12/2020 9:35:00 AM,31.7,31.84,31.68,31.75,22.78856,-84.57318
5/12/2020 9:36:00 AM,31.75,32.02,31.69,31.77,23.57388,-66.09785
5/12/2020 9:37:00 AM,31.76,32.16,31.76,32.12,35.86677,-43.4088
5/12/2020 9:38:00 AM,32.12,32.22,32.07,32.1,35.51522,-27.83893
5/12/2020 9:39:00 AM,32.08,32.12,31.96,31.97,33.23501,-31.72777
5/12/2020 9:40:00 AM,31.98,32.11,31.89,31.92,32.37409,-30.21838
5/12/2020 9:41:00 AM,31.92,32.03,31.86,31.99,34.916,-25.66444
5/12/2020 9:42:00 AM,31.99,32,31.7,31.71,30.05032,-42.85889
5/12/2020 9:43:00 AM,31.7,31.73,31.58,31.73,30.79221,-62.77862
5/12/2020 9:44:00 AM,31.73,31.85,31.71,31.85,35.23086,-7.65546
5/12/2020 9:45:00 AM,31.84,32.08,31.84,32.06,42.21529,68.50445
5/12/2020 9:46:00 AM,32.06,32.38,31.97,32.36,50.43768,144.9829
5/12/2020 9:47:00 AM,32.4,32.62,32.34,32.62,56.24822,219.715
5/12/2020 9:48:00 AM,32.63,32.66,32.44,32.47,52.42933,175.2692
5/12/2020 9:49:00 AM,32.49,32.71,32.49,32.7,57.22496,156.4978
5/12/2020 9:50:00 AM,32.73,32.83,32.68,32.76,58.403,146.4519
5/12/2020 9:51:00 AM,32.75,33.12,32.7,33.11,64.53848,150.4436
5/12/2020 9:52:00 AM,33.11,33.4,33.11,33.37,68.28121,159.0187
5/12/2020 9:53:00 AM,33.39,33.49,33.31,33.31,66.53605,137.2551
5/12/2020 9:54:00 AM,33.31,33.37,33,33.35,67.13902,102.4709
5/12/2020 9:55:00 AM,33.37,33.49,33.26,33.26,64.33015,99.81058
5/12/2020 9:56:00 AM,33.25,33.38,33.09,33.09,59.28487,69.55804
5/12/2020 9:57:00 AM,33.08,33.11,32.98,33.07,58.70156,42.52528
5/12/2020 9:58:00 AM,33.07,33.07,32.77,32.82,51.83603,5.378855
5/12/2020 9:59:00 AM,32.82,32.87,32.66,32.66,47.96924,-40.51226
5/12/2020 10:00:00 AM,32.65,32.65,32.53,32.6,46.56636,-84.06309
5/12/2020 10:01:00 AM,32.59,32.6,32.43,32.46,43.37864,-106.4004
5/12/2020 10:02:00 AM,32.47,32.72,32.47,32.61,47.52365,-84.27888
5/12/2020 10:03:00 AM,32.63,32.84,32.63,32.82,52.73978,-47.68952
5/12/2020 10:04:00 AM,32.83,33.02,32.8,33.01,56.9128,-5.098617
5/12/2020 10:05:00 AM,33.01,33.1,32.86,32.95,55.25366,2.263655
5/12/2020 10:06:00 AM,32.88,33.13,32.86,33.12,58.90891,27.39365
5/12/2020 10:07:00 AM,33.1,33.1,32.96,33.05,56.84959,37.77525
5/12/2020 10:08:00 AM,33.05,33.05,32.83,32.94,53.67424,14.83074
5/12/2020 10:09:00 AM,32.94,33.2,32.92,33.03,55.84722,66.77137
5/12/2020 10:10:00 AM,33.06,33.14,32.98,33.1,57.51635,81.69125
5/12/2020 10:11:00 AM,33.1,33.26,32.94,33.23,60.50268,104.2918
5/12/2020 10:12:00 AM,33.23,33.23,33.01,33.04,54.47562,74.43996
5/12/2020 10:13:00 AM,33.04,33.13,32.94,32.96,52.12122,38.95087
5/12/2020 10:14:00 AM,32.96,32.96,32.83,32.87,49.5279,-21.42957
5/12/2020 10:15:00 AM,32.87,32.99,32.86,32.95,51.8226,-19.39104
5/12/2020 10:16:00 AM,32.95,32.95,32.7,32.83,48.2771,-120.525
5/12/2020 10:17:00 AM,32.83,32.97,32.83,32.97,52.37123,-61.43428
5/12/2020 10:18:00 AM,32.97,32.97,32.85,32.87,49.36536,-79.16772
5/12/2020 10:19:00 AM,32.86,32.86,32.68,32.69,44.42302,-164.2615
5/12/2020 10:20:00 AM,32.69,32.81,32.69,32.78,47.26589,-127.5485
5/12/2020 10:21:00 AM,32.78,32.95,32.78,32.85,49.43245,-54.03514
5/12/2020 10:22:00 AM,32.87,32.97,32.84,32.89,50.67945,-24.10399
5/12/2020 10:23:00 AM,32.89,32.98,32.88,32.96,52.86975,9.048958
5/12/2020 10:24:00 AM,32.96,33.11,32.96,33.02,54.72575,81.65604
5/12/2020 10:25:00 AM,33.02,33.11,33,33.01,54.34158,104.357
5/12/2020 10:26:00 AM,33.01,33.03,32.93,32.98,53.13675,67.11745
5/12/2020 10:27:00 AM,33.02,33.24,33.02,33.21,60.38821,195.6729
5/12/2020 10:28:00 AM,33.21,33.45,33.21,33.44,66.04625,239.7661
5/12/2020 10:29:00 AM,33.44,33.48,33.34,33.42,65.17445,186.2281
5/12/2020 10:30:00 AM,33.42,33.46,33.32,33.34,61.66812,132.7976
5/12/2020 10:31:00 AM,33.34,33.51,33.34,33.41,63.51764,117.725
5/12/2020 10:32:00 AM,33.41,33.44,33.28,33.28,57.92754,74.49143
5/12/2020 10:33:00 AM,33.28,33.28,33.12,33.25,56.68772,29.92397
5/12/2020 10:34:00 AM,33.23,33.39,33.23,33.3,58.29007,51.6957
5/12/2020 10:35:00 AM,33.34,33.36,33.24,33.25,56.05672,35.40052
5/12/2020 10:36:00 AM,33.24,33.31,33.2,33.22,54.70248,10.46198
5/12/2020 10:37:00 AM,33.21,33.22,32.94,32.95,44.32367,-98.25928
5/12/2020 10:38:00 AM,32.95,33.03,32.88,32.88,42.09383,-140.4126
5/12/2020 10:39:00 AM,32.88,32.95,32.87,32.95,45.06984,-130.1718
5/12/2020 10:40:00 AM,32.95,33.1,32.95,33.05,49.09474,-85.26034
5/12/2020 10:41:00 AM,33.09,33.1,32.87,32.96,45.83925,-94.7227
5/12/2020 10:42:00 AM,32.96,33.03,32.94,32.97,46.2657,-77.77841
5/12/2020 10:43:00 AM,32.97,33.08,32.93,33.08,50.84922,-49.01864
5/12/2020 10:44:00 AM,33.08,33.17,33.03,33.17,54.28497,-3.608764
5/12/2020 10:45:00 AM,33.17,33.26,33.06,33.1,51.28226,15.48254
5/12/2020 10:46:00 AM,33.11,33.13,33.03,33.05,49.18932,-13.75984
5/12/2020 10:47:00 AM,33.05,33.14,33.04,33.12,52.13461,10.74981
5/12/2020 10:48:00 AM,33.12,33.26,33.11,33.22,56.05378,89.30875
5/12/2020 10:49:00 AM,33.22,33.44,33.2,33.43,62.91982,191.3002
5/12/2020 10:50:00 AM,33.42,33.61,33.42,33.59,67.13319,241.9608
5/12/2020 10:51:00 AM,33.59,33.61,33.49,33.52,63.72176,173.3795
5/12/2020 10:52:00 AM,33.52,33.58,33.5,33.51,63.22735,129.4923
5/12/2020 10:53:00 AM,33.51,33.53,33.4,33.43,59.26659,82.52201
5/12/2020 10:54:00 AM,33.43,33.44,33.24,33.28,52.61147,28.77187
5/12/2020 10:55:00 AM,33.28,33.28,33.11,33.12,46.6005,-32.00502
5/12/2020 10:56:00 AM,33.12,33.18,32.9,32.92,40.38866,-98.34729
5/12/2020 10:57:00 AM,32.92,32.96,32.88,32.93,40.81357,-120.4269
5/12/2020 10:58:00 AM,32.96,33.02,32.86,32.86,38.73275,-110.6386
5/12/2020 10:59:00 AM,32.86,32.86,32.73,32.84,38.13451,-125.146
5/12/2020 11:00:00 AM,32.86,32.9,32.76,32.82,37.51057,-106.6107
5/12/2020 11:01:00 AM,32.82,32.89,32.75,32.75,35.33173,-99.57368
5/12/2020 11:02:00 AM,32.75,32.78,32.75,32.77,36.46726,-89.72997
5/12/2020 11:03:00 AM,32.78,32.92,32.78,32.91,43.89382,-56.71972
5/12/2020 11:04:00 AM,32.89,32.97,32.83,32.84,41.29463,-47.85006
5/12/2020 11:05:00 AM,32.83,32.83,32.67,32.69,36.33002,-85.08824
5/12/2020 11:06:00 AM,32.67,32.72,32.56,32.69,32.16549,-109.3724
5/12/2020 11:07:00 AM,32.69,32.76,32.62,32.62,30.41342,-108.2121
5/12/2020 11:08:00 AM,32.64,32.66,32.62,32.66,32.67039,-114.0377
5/12/2020 11:09:00 AM,32.67,32.71,32.64,32.64,32.10962,-95.76548
5/12/2020 11:10:00 AM,32.64,32.64,32.38,32.39,26.08295,-187.5323
5/12/2020 11:11:00 AM,32.39,32.49,32.39,32.43,28.39863,-166.9019
5/12/2020 11:12:00 AM,32.48,32.5,32.45,32.45,29.58643,-125.6313
5/12/2020 11:13:00 AM,32.47,32.55,32.43,32.51,33.16809,-94.58511
5/12/2020 11:14:00 AM,32.48,32.51,32.42,32.42,30.64956,-100.6513
5/12/2020 11:15:00 AM,32.42,32.48,32.42,32.47,33.66339,-80.83334
5/12/2020 11:16:00 AM,32.47,32.54,32.43,32.45,33.0448,-62.1342
5/12/2020 11:17:00 AM,32.45,32.52,32.44,32.44,32.72098,-57.16522
5/12/2020 11:18:00 AM,32.46,32.53,32.46,32.5,36.72667,-31.60785
5/12/2020 11:19:00 AM,32.5,32.52,32.42,32.46,35.22112,-47.81045
5/12/2020 11:20:00 AM,32.42,32.5,32.42,32.42,33.73197,-62.33659
5/12/2020 11:21:00 AM,32.47,32.48,32.39,32.41,33.35239,-86.64892
5/12/2020 11:22:00 AM,32.41,32.49,32.4,32.43,34.92979,-71.90134
5/12/2020 11:23:00 AM,32.41,32.41,32.27,32.38,32.83744,-280.0075
5/12/2020 11:24:00 AM,32.37,32.46,32.37,32.44,37.66291,-71.79961
5/12/2020 11:25:00 AM,32.44,32.52,32.42,32.49,41.43922,62.71867
5/12/2020 11:26:00 AM,32.49,32.52,32.44,32.52,43.64492,95.45176
5/12/2020 11:27:00 AM,32.51,32.51,32.39,32.49,41.94359,29.32499
5/12/2020 11:28:00 AM,32.51,32.66,32.51,32.58,48.4376,252.1146
5/12/2020 11:29:00 AM,32.63,32.7,32.63,32.64,52.27048,258.5846
5/12/2020 11:30:00 AM,32.64,32.68,32.59,32.68,54.68882,172.5524
5/12/2020 11:31:00 AM,32.67,32.72,32.56,32.57,47.55336,107.4931
5/12/2020 11:32:00 AM,32.57,32.61,32.57,32.61,50.10288,73.68364
5/12/2020 11:33:00 AM,32.61,32.61,32.57,32.59,48.82486,57.91681
5/12/2020 11:34:00 AM,32.59,32.66,32.55,32.66,53.31342,71.684
5/12/2020 11:35:00 AM,32.68,32.92,32.68,32.88,64.00048,182.6084
5/12/2020 11:36:00 AM,32.91,32.97,32.83,32.86,62.59759,188.4736
5/12/2020 11:37:00 AM,32.86,32.88,32.79,32.88,63.46016,140.6392
5/12/2020 11:38:00 AM,32.87,32.89,32.82,32.89,63.90825,121.8202
5/12/2020 11:39:00 AM,32.89,32.89,32.82,32.84,59.94905,90.10719
5/12/2020 11:40:00 AM,32.84,32.91,32.84,32.85,60.47635,82.42435
5/12/2020 11:41:00 AM,32.86,32.98,32.85,32.97,66.22411,100.946
5/12/2020 11:42:00 AM,32.98,33.02,32.98,33.02,68.29308,120.7242
5/12/2020 11:43:00 AM,33.01,33.07,32.99,33.06,69.88256,121.0234
5/12/2020 11:44:00 AM,33.07,33.11,32.97,33,64.64742,105.523
5/12/2020 11:45:00 AM,33,33.15,33,33.13,69.90746,130.4475
5/12/2020 11:46:00 AM,33.14,33.24,33.06,33.23,73.20949,148.5433
5/12/2020 11:47:00 AM,33.21,33.27,33.19,33.26,74.12669,152.7219
5/12/2020 11:48:00 AM,33.27,33.33,33.25,33.33,76.17641,157.9332
5/12/2020 11:49:00 AM,33.33,33.38,33.31,33.36,77.0167,147.9879
5/12/2020 11:50:00 AM,33.36,33.4,33.34,33.34,75.11447,122.3703
5/12/2020 11:51:00 AM,33.34,33.37,33.29,33.31,72.2327,90.54009
5/12/2020 11:52:00 AM,33.31,33.35,33.18,33.18,61.26371,46.2173
5/12/2020 11:53:00 AM,33.18,33.26,33.16,33.23,63.55595,29.71354
5/12/2020 11:54:00 AM,33.23,33.23,33.16,33.17,59.04075,5.049006
5/12/2020 11:55:00 AM,33.17,33.19,33.15,33.15,57.57278,-21.77784
5/12/2020 11:56:00 AM,33.15,33.19,33.02,33.04,50.1813,-86.42112
5/12/2020 11:57:00 AM,33.04,33.04,32.98,33.03,49.55827,-132.1214
5/12/2020 11:58:00 AM,33.03,33.05,33.01,33.04,50.22381,-120.9754
5/12/2020 11:59:00 AM,33.04,33.05,33,33,47.52324,-121.8382
5/12/2020 12:00:00 PM,33,33.05,32.98,33.05,51.06519,-96.30283
5/12/2020 12:01:00 PM,33.05,33.3,33.05,33.29,63.72262,20.45229
5/12/2020 12:02:00 PM,33.29,33.31,33.23,33.27,62.27696,58.59975
5/12/2020 12:03:00 PM,33.25,33.25,33.19,33.19,56.73263,29.01978
5/12/2020 12:04:00 PM,33.19,33.29,33.19,33.29,61.36304,71.11465
5/12/2020 12:05:00 PM,33.29,33.3,33.25,33.3,61.80318,95.21471
5/12/2020 12:06:00 PM,33.31,33.35,33.29,33.3,62.26609,108.9574
5/12/2020 12:07:00 PM,33.3,33.44,33.3,33.43,67.74049,139.5647
5/12/2020 12:08:00 PM,33.42,33.47,33.35,33.36,62.48388,117.5656
5/12/2020 12:09:00 PM,33.36,33.44,33.36,33.42,64.99146,107.2761
5/12/2020 12:10:00 PM,33.42,33.49,33.42,33.49,67.70388,120.3857
5/12/2020 12:11:00 PM,33.48,33.54,33.48,33.53,69.17348,131.4212
5/12/2020 12:12:00 PM,33.55,33.65,33.55,33.64,72.83464,153.9316
5/12/2020 12:13:00 PM,33.64,33.66,33.59,33.61,70.37974,134.5454
5/12/2020 12:14:00 PM,33.61,33.66,33.57,33.58,67.91458,113.9719
5/12/2020 12:15:00 PM,33.55,33.59,33.54,33.56,66.24851,77.47391
5/12/2020 12:16:00 PM,33.56,33.76,33.56,33.73,72.43771,119.3635
5/12/2020 12:17:00 PM,33.73,33.77,33.56,33.58,61.68862,83.65703
5/12/2020 12:18:00 PM,33.58,33.58,33.43,33.43,53.18857,-11.08607
5/12/2020 12:19:00 PM,33.43,33.48,33.4,33.4,51.65563,-55.88198
5/12/2020 12:20:00 PM,33.4,33.4,33.27,33.3,46.81215,-128.2286
5/12/2020 12:21:00 PM,33.29,33.34,33.28,33.28,45.88546,-131.1724
5/12/2020 12:22:00 PM,33.28,33.32,33.23,33.3,47.01502,-127.1672
5/12/2020 12:23:00 PM,33.3,33.39,33.3,33.37,50.87957,-79.97285
5/12/2020 12:24:00 PM,33.38,33.42,33.32,33.38,51.42475,-60.90327
5/12/2020 12:25:00 PM,33.38,33.38,33.22,33.31,47.45511,-84.09
5/12/2020 12:26:00 PM,33.31,33.35,33.22,33.26,44.79504,-85.44376
5/12/2020 12:27:00 PM,33.26,33.26,33.18,33.19,41.3045,-106.4874
5/12/2020 12:28:00 PM,33.19,33.19,33.13,33.16,39.87064,-119.9189
5/12/2020 12:29:00 PM,33.14,33.16,33.1,33.1,37.09676,-128.8951
5/12/2020 12:30:00 PM,33.1,33.1,33.02,33.09,36.63932,-149.6263
5/12/2020 12:31:00 PM,33.07,33.12,32.96,33,32.72725,-150.7344
5/12/2020 12:32:00 PM,33,33.06,33,33.06,37.51711,-116.6664
5/12/2020 12:33:00 PM,33.05,33.09,33.05,33.09,39.82404,-81.20269
5/12/2020 12:34:00 PM,33.07,33.13,33.05,33.12,42.12521,-57.22696
5/12/2020 12:35:00 PM,33.15,33.29,33.15,33.19,47.19912,15.84332
5/12/2020 12:36:00 PM,33.19,33.28,33.19,33.27,52.34169,42.83305
5/12/2020 12:37:00 PM,33.27,33.27,33.2,33.21,48.52448,39.00619
5/12/2020 12:38:00 PM,33.21,33.23,33.2,33.21,44.99096,43.08945
5/12/2020 12:39:00 PM,33.21,33.22,33.15,33.2,44.41061,33.20714
5/12/2020 12:40:00 PM,33.18,33.18,33.13,33.13,40.47427,1.263686
5/12/2020 12:41:00 PM,33.15,33.25,33.15,33.23,47.6172,68.50636
5/12/2020 12:42:00 PM,33.28,33.3,33.25,33.25,48.937,107.7963
5/12/2020 12:43:00 PM,33.24,33.33,33.24,33.26,49.62036,99.7614
5/12/2020 12:44:00 PM,33.27,33.32,33.24,33.29,51.70882,95.43434
5/12/2020 12:45:00 PM,33.29,33.29,33.24,33.25,48.80398,69.63938
5/12/2020 12:46:00 PM,33.25,33.29,33.23,33.24,48.07698,58.333
5/12/2020 12:47:00 PM,33.24,33.24,33.17,33.18,43.85498,-39.83923
5/12/2020 12:48:00 PM,33.16,33.22,33.14,33.22,47.18489,-68.62618
5/12/2020 12:49:00 PM,33.23,33.25,33.19,33.22,50.35574,-15.48978
5/12/2020 12:50:00 PM,33.22,33.24,33.18,33.22,53.37056,-25.12552
5/12/2020 12:51:00 PM,33.24,33.37,33.24,33.3,58.76397,130.5293
5/12/2020 12:52:00 PM,33.28,33.3,33.28,33.29,57.86315,89.54438
5/12/2020 12:53:00 PM,33.29,33.38,33.29,33.38,63.3147,157.3809
5/12/2020 12:54:00 PM,33.38,33.48,33.38,33.47,67.80096,243.2781
5/12/2020 12:55:00 PM,33.44,33.47,33.39,33.39,60.69552,160.9222
5/12/2020 12:56:00 PM,33.39,33.39,33.24,33.28,52.54206,20.7456
5/12/2020 12:57:00 PM,33.27,33.27,33.19,33.19,46.98119,-72.50848
5/12/2020 12:58:00 PM,33.18,33.21,33.15,33.21,48.29093,-86.86386
5/12/2020 12:59:00 PM,33.21,33.23,33.21,33.22,48.96984,-51.35674
5/12/2020 1:00:00 PM,33.24,33.26,33.2,33.21,48.28709,-44.75084
5/12/2020 1:01:00 PM,33.21,33.25,33.2,33.24,50.51581,-41.86839
5/12/2020 1:02:00 PM,33.27,33.33,33.25,33.32,55.96531,20.89591
5/12/2020 1:03:00 PM,33.35,33.54,33.34,33.54,66.79514,162.4729
5/12/2020 1:04:00 PM,33.53,33.55,33.46,33.49,63.00278,143.3843
5/12/2020 1:05:00 PM,33.52,33.63,33.5,33.54,65.13457,142.5928
5/12/2020 1:06:00 PM,33.49,33.51,33.4,33.41,56.08568,57.75646
5/12/2020 1:07:00 PM,33.41,33.41,33.33,33.39,54.82376,16.7766
5/12/2020 1:08:00 PM,33.39,33.45,33.39,33.45,57.88516,50.47709
5/12/2020 1:09:00 PM,33.45,33.49,33.42,33.49,59.83908,68.66041
5/12/2020 1:10:00 PM,33.49,33.5,33.44,33.47,58.38062,61.7254
5/12/2020 1:11:00 PM,33.54,33.78,33.54,33.78,70.4162,165.6203
5/12/2020 1:12:00 PM,33.78,33.86,33.78,33.83,71.83121,200.2496
5/12/2020 1:13:00 PM,33.83,33.95,33.83,33.94,74.69822,188.7725
5/12/2020 1:14:00 PM,33.95,34.12,33.95,34.11,78.36349,184.3848
5/12/2020 1:15:00 PM,34.12,34.15,34.04,34.07,75.58881,146.3259
5/12/2020 1:16:00 PM,34.08,34.16,33.99,34.16,77.51765,121.9728
5/12/2020 1:17:00 PM,34.15,34.38,34.14,34.32,80.47181,136.2576
5/12/2020 1:18:00 PM,34.32,34.35,34.24,34.35,80.97652,118.9245
5/12/2020 1:19:00 PM,34.35,34.43,34.35,34.41,81.97974,115.6156
5/12/2020 1:20:00 PM,34.41,34.5,34.39,34.45,82.63712,109.2074
5/12/2020 1:21:00 PM,34.45,34.64,34.44,34.63,85.24548,118.6879
5/12/2020 1:22:00 PM,34.63,34.64,34.51,34.55,79.5271,107.8935
5/12/2020 1:23:00 PM,34.55,34.55,34.38,34.39,69.48758,68.96774
5/12/2020 1:24:00 PM,34.39,34.5,34.38,34.5,72.0957,65.54575
5/12/2020 1:25:00 PM,34.5,34.7,34.5,34.7,76.09641,106.8334
5/12/2020 1:26:00 PM,34.7,34.87,34.7,34.74,76.81246,136.1308
5/12/2020 1:27:00 PM,34.77,34.77,34.56,34.59,68.52299,86.43999
5/12/2020 1:28:00 PM,34.59,34.79,34.58,34.7,70.99501,96.12222
5/12/2020 1:29:00 PM,34.7,34.8,34.68,34.71,71.21628,98.14758
5/12/2020 1:30:00 PM,34.71,34.82,34.66,34.77,72.56871,97.92704
5/12/2020 1:31:00 PM,34.77,34.88,34.75,34.78,72.79807,111.0288
5/12/2020 1:32:00 PM,34.75,34.75,34.49,34.56,60.75982,-4.191357
5/12/2020 1:33:00 PM,34.56,34.62,34.56,34.59,61.69012,-21.34103
5/12/2020 1:34:00 PM,34.6,34.64,34.57,34.61,62.33133,-20.09252
5/12/2020 1:35:00 PM,34.61,34.68,34.61,34.66,63.9555,9.97323
5/12/2020 1:36:00 PM,34.66,34.76,34.62,34.76,67.01843,53.37119
5/12/2020 1:37:00 PM,34.76,34.82,34.71,34.73,65.22772,74.86494
5/12/2020 1:38:00 PM,34.73,34.77,34.66,34.71,63.99991,27.72111
5/12/2020 1:39:00 PM,34.71,34.71,34.56,34.61,58.11025,-69.06902
5/12/2020 1:40:00 PM,34.61,34.61,34.54,34.59,56.98079,-102.8417
5/12/2020 1:41:00 PM,34.62,34.73,34.61,34.72,62.13276,9.633307
5/12/2020 1:42:00 PM,34.72,34.75,34.59,34.63,57.0398,-21.16742
5/12/2020 1:43:00 PM,34.61,34.68,34.58,34.68,59.0481,-26.84747
5/12/2020 1:44:00 PM,34.68,34.76,34.66,34.7,59.85652,49.55413
5/12/2020 1:45:00 PM,34.7,34.72,34.64,34.66,57.41531,24.6147
5/12/2020 1:46:00 PM,34.68,34.69,34.49,34.53,50.24339,-125.6171
5/12/2020 1:47:00 PM,34.53,34.59,34.52,34.59,53.15207,-123.5227
5/12/2020 1:48:00 PM,34.6,34.6,34.39,34.4,44.31733,-204.8785
5/12/2020 1:49:00 PM,34.4,34.42,34.37,34.4,37.58885,-194.1046
5/12/2020 1:50:00 PM,34.4,34.45,34.37,34.45,40.16344,-134.8264
5/12/2020 1:51:00 PM,34.46,34.48,34.44,34.47,41.20821,-90.19582
5/12/2020 1:52:00 PM,34.43,34.5,34.43,34.47,42.29331,-75.19713
5/12/2020 1:53:00 PM,34.45,34.49,34.44,34.47,43.41795,-63.3884
5/12/2020 1:54:00 PM,34.47,34.47,34.38,34.43,41.66885,-78.09461
5/12/2020 1:55:00 PM,34.41,34.44,34.25,34.25,34.8628,-132.6266
5/12/2020 1:56:00 PM,34.25,34.32,34.19,34.19,32.93184,-162.3651
5/12/2020 1:57:00 PM,34.19,34.22,34.17,34.18,32.60774,-166.1321
5/12/2020 1:58:00 PM,34.18,34.25,34.17,34.19,33.31451,-132.8911
5/12/2020 1:59:00 PM,34.19,34.21,34.13,34.14,31.53351,-127.9736
5/12/2020 2:00:00 PM,34.14,34.16,34.06,34.06,28.87379,-132.9763
5/12/2020 2:01:00 PM,34.06,34.14,34.05,34.12,33.41018,-108.9002
5/12/2020 2:02:00 PM,34.13,34.28,34.13,34.2,38.99722,-48.83759
5/12/2020 2:03:00 PM,34.2,34.25,34.07,34.25,42.25794,-48.7543
5/12/2020 2:04:00 PM,34.26,34.41,34.25,34.41,51.23987,44.85654
5/12/2020 2:05:00 PM,34.42,34.44,34.33,34.36,48.69096,63.25132
5/12/2020 2:06:00 PM,34.34,34.41,34.33,34.38,49.76741,69.98358
5/12/2020 2:07:00 PM,34.38,34.43,34.32,34.41,51.4139,87.5994
5/12/2020 2:08:00 PM,34.42,34.51,34.42,34.47,54.61796,135.5488
5/12/2020 2:09:00 PM,34.47,34.47,34.38,34.43,52.14893,95.19908
5/12/2020 2:10:00 PM,34.43,34.53,34.41,34.52,56.87283,107.7724
5/12/2020 2:11:00 PM,34.52,34.59,34.5,34.53,57.37625,115.9408
5/12/2020 2:12:00 PM,34.53,34.58,34.53,34.54,57.90561,106.6665
5/12/2020 2:13:00 PM,34.54,34.72,34.54,34.72,66.07191,146.653
5/12/2020 2:14:00 PM,34.74,34.74,34.69,34.74,66.84166,153.2502
5/12/2020 2:15:00 PM,34.74,34.9,34.74,34.82,69.79361,169.3215
5/12/2020 2:16:00 PM,34.82,34.89,34.75,34.79,67.37146,134.8098
5/12/2020 2:17:00 PM,34.78,34.82,34.74,34.82,68.54698,107.8086
5/12/2020 2:18:00 PM,34.82,34.96,34.81,34.96,73.36901,128.0717
5/12/2020 2:19:00 PM,34.98,35.07,34.94,35.04,75.66494,140.3452
5/12/2020 2:20:00 PM,35.04,35.14,34.95,34.95,68.5093,118.8931
5/12/2020 2:21:00 PM,34.95,34.95,34.76,34.85,61.5447,52.75792
5/12/2020 2:22:00 PM,34.86,34.86,34.73,34.82,59.58775,26.08754
5/12/2020 2:23:00 PM,34.82,34.85,34.79,34.79,57.61483,20.51788
5/12/2020 2:24:00 PM,34.78,34.79,34.71,34.74,54.38291,-27.38078
5/12/2020 2:25:00 PM,34.74,34.79,34.72,34.73,53.73355,-44.26061
5/12/2020 2:26:00 PM,34.72,34.81,34.72,34.77,55.99649,-47.82996
5/12/2020 2:27:00 PM,34.77,34.8,34.75,34.75,54.55957,-58.22041
5/12/2020 2:28:00 PM,34.75,34.87,34.75,34.79,56.9395,-29.8268
5/12/2020 2:29:00 PM,34.79,34.79,34.66,34.72,51.82426,-97.82568
5/12/2020 2:30:00 PM,34.73,34.8,34.73,34.77,54.93822,-52.24575
5/12/2020 2:31:00 PM,34.8,34.93,34.8,34.89,61.38877,39.87872
5/12/2020 2:32:00 PM,34.88,34.96,34.83,34.96,64.57449,77.42776
5/12/2020 2:33:00 PM,34.96,35.09,34.91,34.91,60.72074,135.1831
5/12/2020 2:34:00 PM,34.93,34.93,34.82,34.88,58.46623,69.06605
5/12/2020 2:35:00 PM,34.88,34.98,34.79,34.81,53.47673,49.05206
5/12/2020 2:36:00 PM,34.81,34.97,34.81,34.97,61.55318,92.23779
5/12/2020 2:37:00 PM,34.97,34.97,34.77,34.81,51.8581,22.38119
5/12/2020 2:38:00 PM,34.81,34.81,34.71,34.71,46.88725,-82.63158
5/12/2020 2:39:00 PM,34.72,34.73,34.66,34.69,45.93881,-121.3334
5/12/2020 2:40:00 PM,34.71,34.77,34.71,34.75,49.2551,-71.44481
5/12/2020 2:41:00 PM,34.75,34.85,34.7,34.85,54.28795,-22.67116
5/12/2020 2:42:00 PM,34.85,34.98,34.85,34.97,59.48143,88.05127
5/12/2020 2:43:00 PM,34.98,35.2,34.98,35.2,67.17823,213.4464
5/12/2020 2:44:00 PM,35.19,35.26,35.06,35.06,59.73946,168.1283
5/12/2020 2:45:00 PM,35.06,35.17,34.96,35.14,62.30785,115.123
5/12/2020 2:46:00 PM,35.14,35.21,35.06,35.08,59.25473,108.3118
5/12/2020 2:47:00 PM,35.05,35.09,35.04,35.06,58.2304,71.23267
5/12/2020 2:48:00 PM,35.07,35.13,35.05,35.08,58.9938,70.59287
5/12/2020 2:49:00 PM,35.06,35.09,35.05,35.06,57.85507,52.64249
5/12/2020 2:50:00 PM,35.07,35.17,35.06,35.17,62.17893,72.53985
5/12/2020 2:51:00 PM,35.17,35.21,35.11,35.18,62.55513,77.76078
5/12/2020 2:52:00 PM,35.14,35.14,34.87,34.95,50.19184,-11.9725
5/12/2020 2:53:00 PM,34.95,35,34.94,34.98,51.53721,-36.88583
5/12/2020 2:54:00 PM,34.98,35.03,34.96,35.02,53.34677,-38.4119
5/12/2020 2:55:00 PM,34.99,34.99,34.81,34.82,44.41666,-169.1274
5/12/2020 2:56:00 PM,34.82,34.89,34.78,34.88,47.26855,-167.4049
5/12/2020 2:57:00 PM,34.88,34.91,34.83,34.86,46.41368,-122.1342
5/12/2020 2:58:00 PM,34.86,34.9,34.86,34.88,47.43742,-94.91867
5/12/2020 2:59:00 PM,34.88,34.89,34.75,34.89,47.97252,-102.8523
5/12/2020 3:00:00 PM,34.89,34.98,34.89,34.96,51.68129,-27.67613
5/12/2020 3:01:00 PM,34.96,35.06,34.94,35.03,55.12617,24.88683
5/12/2020 3:02:00 PM,35.08,35.09,34.9,34.91,48.71434,-1.791892
5/12/2020 3:03:00 PM,34.92,34.98,34.87,34.89,47.71812,-38.83495
5/12/2020 3:04:00 PM,34.89,35,34.86,34.95,50.95831,-7.508929
5/12/2020 3:05:00 PM,34.96,35.06,34.95,35.02,54.50105,97.85032
5/12/2020 3:06:00 PM,35.01,35.04,34.94,34.98,52.18126,68.34328
5/12/2020 3:07:00 PM,34.99,35.03,34.96,35.02,54.27711,83.79206
5/12/2020 3:08:00 PM,35.02,35.09,34.96,34.96,50.68834,83.79206
5/12/2020 3:09:00 PM,34.96,35.14,34.96,35.1,57.71384,135.5196
5/12/2020 3:10:00 PM,35.1,35.1,34.99,35.07,55.87679,106.5453
5/12/2020 3:11:00 PM,35.07,35.18,35.07,35.18,60.80358,180.9752
5/12/2020 3:12:00 PM,35.18,35.27,35.18,35.25,63.58974,224.553
5/12/2020 3:13:00 PM,35.25,35.29,35.19,35.2,60.29305,163.4242
5/12/2020 3:14:00 PM,35.27,35.33,35.21,35.3,64.28146,157.7122
5/12/2020 3:15:00 PM,35.3,35.43,35.3,35.42,68.38531,165.927
5/12/2020 3:16:00 PM,35.39,35.39,35.25,35.37,65.03257,112.7152
5/12/2020 3:17:00 PM,35.37,35.37,35.27,35.33,62.39714,90.71396
5/12/2020 3:18:00 PM,35.33,35.46,35.33,35.42,65.75948,110.8787
5/12/2020 3:19:00 PM,35.44,35.66,35.44,35.63,72.04174,162.3387
5/12/2020 3:20:00 PM,35.63,35.74,35.59,35.72,74.2244,172.8219
5/12/2020 3:21:00 PM,35.72,35.77,35.64,35.73,74.46292,153.5917
5/12/2020 3:22:00 PM,35.75,35.85,35.73,35.81,76.34882,149.8857
5/12/2020 3:23:00 PM,35.81,35.94,35.81,35.93,78.86951,143.1921
5/12/2020 3:24:00 PM,35.93,35.94,35.79,35.88,75.26987,111.3266
5/12/2020 3:25:00 PM,35.89,36.11,35.89,36.11,79.83022,133.1364
5/12/2020 3:26:00 PM,36.11,36.14,36.05,36.1,79.1467,126.0916
5/12/2020 3:27:00 PM,36.11,36.13,36.05,36.07,77.01675,107.882
5/12/2020 3:28:00 PM,36.08,36.09,36.01,36.04,74.84756,86.38566
5/12/2020 3:29:00 PM,36.03,36.06,35.99,36.04,72.64414,72.16844
5/12/2020 3:30:00 PM,36.06,36.15,36.03,36.14,75.2588,85.15868
5/12/2020 3:31:00 PM,36.12,36.25,36.09,36.25,77.77525,105.7648
5/12/2020 3:32:00 PM,36.24,36.29,36.12,36.29,78.62659,108.988
5/12/2020 3:33:00 PM,36.29,36.45,36.21,36.45,81.65381,152.3211
5/12/2020 3:34:00 PM,36.46,36.57,36.45,36.48,82.16389,182.6269
5/12/2020 3:35:00 PM,36.49,36.49,36.3,36.4,76.08852,117.5475
5/12/2020 3:36:00 PM,36.38,36.7,36.37,36.69,81.44473,155.6747
5/12/2020 3:37:00 PM,36.7,36.74,36.54,36.64,78.19258,141.5374
5/12/2020 3:38:00 PM,36.64,36.71,36.49,36.7,79.26273,114.3764
5/12/2020 3:39:00 PM,36.69,36.87,36.66,36.85,81.68269,136.3179
5/12/2020 3:40:00 PM,36.85,36.88,36.64,36.71,73.10748,104.2693
5/12/2020 3:41:00 PM,36.71,36.95,36.7,36.95,77.47346,118.0305
5/12/2020 3:42:00 PM,36.96,36.98,36.89,36.97,77.79696,122.6067
5/12/2020 3:43:00 PM,36.97,37.25,36.97,37.24,81.63185,156.7788
5/12/2020 3:44:00 PM,37.24,37.36,37.22,37.29,82.24348,162.5432
5/12/2020 3:45:00 PM,37.28,37.4,37.22,37.38,83.32012,144.3416
5/12/2020 3:46:00 PM,37.39,37.64,37.39,37.62,85.7938,158.4914
5/12/2020 3:47:00 PM,37.62,37.62,37.2,37.29,70.34566,98.57881
5/12/2020 3:48:00 PM,37.26,37.42,37.17,37.38,71.83517,74.92308
5/12/2020 3:49:00 PM,37.41,37.56,37.36,37.56,74.58474,95.79182
5/12/2020 3:50:00 PM,37.56,37.57,37.29,37.54,73.72352,79.62599
5/12/2020 3:51:00 PM,37.55,37.8,37.49,37.57,74.20464,103.1331
5/12/2020 3:52:00 PM,37.56,37.81,37.56,37.76,77.0685,116.0503
5/12/2020 3:53:00 PM,37.76,37.95,37.71,37.88,78.6786,140.0008
5/12/2020 3:54:00 PM,37.87,37.96,37.69,37.84,76.74428,119.9992
5/12/2020 3:55:00 PM,37.84,37.97,37.8,37.9,77.63258,122.9372
5/12/2020 3:56:00 PM,37.9,37.9,37.72,37.77,71.27971,82.46535
5/12/2020 3:57:00 PM,37.77,37.92,37.77,37.91,73.76916,91.38141
5/12/2020 3:58:00 PM,37.91,38.06,37.9,38.04,75.86148,117.4455
5/12/2020 3:59:00 PM,38.05,38.26,38.04,38.18,77.90542,147.2909
5/12/2020 4:00:00 PM,38.15,38.38,38,38.32,79.75182,142.0912
